file	percent	reads	taxon_id	taxon_name
SRR11207337_metagenome_mock_dna_R1.fastq.kaiju.ktxt	8.517599	1067054	590	Salmonella
SRR11207337_metagenome_mock_dna_R1.fastq.kaiju.ktxt	7.676682	961707	1637	Listeria
SRR11207337_metagenome_mock_dna_R1.fastq.kaiju.ktxt	7.133044	893602	1386	Bacillus
SRR11207337_metagenome_mock_dna_R1.fastq.kaiju.ktxt	6.048427	757725	1578	Lactobacillus
SRR11207337_metagenome_mock_dna_R1.fastq.kaiju.ktxt	5.207303	652352	286	Pseudomonas
SRR11207337_metagenome_mock_dna_R1.fastq.kaiju.ktxt	2.782336	348561	561	Escherichia
SRR11207337_metagenome_mock_dna_R1.fastq.kaiju.ktxt	2.750399	344560	1279	Staphylococcus
SRR11207337_metagenome_mock_dna_R1.fastq.kaiju.ktxt	1.073004	134422	1350	Enterococcus
SRR11207337_metagenome_mock_dna_R1.fastq.kaiju.ktxt	0.904233	113279	4930	Saccharomyces
SRR11207337_metagenome_mock_dna_R1.fastq.kaiju.ktxt	0.854335	107028	5206	Cryptococcus
SRR11207337_metagenome_mock_dna_R1.fastq.kaiju.ktxt	0.697370	87364	620	Shigella
SRR11207337_metagenome_mock_dna_R1.fastq.kaiju.ktxt	0.277762	34797	469	Acinetobacter
SRR11207337_metagenome_mock_dna_R1.fastq.kaiju.ktxt	0.260895	32684	570	Klebsiella
SRR11207337_metagenome_mock_dna_R1.fastq.kaiju.ktxt	0.079568	9968	547	Enterobacter
SRR11207337_metagenome_mock_dna_R1.fastq.kaiju.ktxt	0.051247	6420	544	Citrobacter
SRR11207337_metagenome_mock_dna_R1.fastq.kaiju.ktxt	0.046010	5764	1301	Streptococcus
SRR11207337_metagenome_mock_dna_R1.fastq.kaiju.ktxt	0.038307	4799	662	Vibrio
SRR11207337_metagenome_mock_dna_R1.fastq.kaiju.ktxt	0.033374	4181	1485	Clostridium
SRR11207337_metagenome_mock_dna_R1.fastq.kaiju.ktxt	0.012540	1571	1870884	Clostridioides
SRR11207337_metagenome_mock_dna_R1.fastq.kaiju.ktxt	0.011846	1484	44249	Paenibacillus
SRR11207337_metagenome_mock_dna_R1.fastq.kaiju.ktxt	0.010369	1299	53335	Pantoea
SRR11207337_metagenome_mock_dna_R1.fastq.kaiju.ktxt	0.009667	1211	724	Haemophilus
SRR11207337_metagenome_mock_dna_R1.fastq.kaiju.ktxt	0.008900	1115	53246	Pseudoalteromonas
SRR11207337_metagenome_mock_dna_R1.fastq.kaiju.ktxt	0.007791	976	34072	Variovorax
SRR11207337_metagenome_mock_dna_R1.fastq.kaiju.ktxt	0.007416	929	413496	Cronobacter
SRR11207337_metagenome_mock_dna_R1.fastq.kaiju.ktxt	0.007280	912	517	Bordetella
SRR11207337_metagenome_mock_dna_R1.fastq.kaiju.ktxt	0.006857	859	4842	Rhizopus
SRR11207337_metagenome_mock_dna_R1.fastq.kaiju.ktxt	0.005675	711	810	Chlamydia
SRR11207337_metagenome_mock_dna_R1.fastq.kaiju.ktxt	0.005157	646	2747	Carnobacterium
SRR11207337_metagenome_mock_dna_R1.fastq.kaiju.ktxt	0.005117	641	1279384	Eggerthia
SRR11207337_metagenome_mock_dna_R1.fastq.kaiju.ktxt	0.004885	612	613	Serratia
SRR11207337_metagenome_mock_dna_R1.fastq.kaiju.ktxt	0.004797	601	5052	Aspergillus
SRR11207337_metagenome_mock_dna_R1.fastq.kaiju.ktxt	0.004582	574	670516	Mycobacteroides
SRR11207337_metagenome_mock_dna_R1.fastq.kaiju.ktxt	0.004430	555	400634	Lysinibacillus
SRR11207337_metagenome_mock_dna_R1.fastq.kaiju.ktxt	0.004263	534	1883	Streptomyces
SRR11207337_metagenome_mock_dna_R1.fastq.kaiju.ktxt	0.004263	534	160674	Raoultella
SRR11207337_metagenome_mock_dna_R1.fastq.kaiju.ktxt	0.004175	523	306539	Halolactibacillus
SRR11207337_metagenome_mock_dna_R1.fastq.kaiju.ktxt	0.003975	498	1129544	Rhizophagus
SRR11207337_metagenome_mock_dna_R1.fastq.kaiju.ktxt	0.003927	492	40323	Stenotrophomonas
SRR11207337_metagenome_mock_dna_R1.fastq.kaiju.ktxt	0.003871	485	178898	Carboxydocella
SRR11207337_metagenome_mock_dna_R1.fastq.kaiju.ktxt	0.003392	425	579	Kluyvera
SRR11207337_metagenome_mock_dna_R1.fastq.kaiju.ktxt	0.003265	409	82802	Trichococcus
SRR11207337_metagenome_mock_dna_R1.fastq.kaiju.ktxt	0.003201	401	1763	Mycobacterium
SRR11207337_metagenome_mock_dna_R1.fastq.kaiju.ktxt	0.003177	398	629	Yersinia
SRR11207337_metagenome_mock_dna_R1.fastq.kaiju.ktxt	0.003089	387	222	Achromobacter
SRR11207337_metagenome_mock_dna_R1.fastq.kaiju.ktxt	0.003089	387	32008	Burkholderia
SRR11207337_metagenome_mock_dna_R1.fastq.kaiju.ktxt	0.003073	385	46255	Weissella
SRR11207337_metagenome_mock_dna_R1.fastq.kaiju.ktxt	0.003009	377	1827	Rhodococcus
SRR11207337_metagenome_mock_dna_R1.fastq.kaiju.ktxt	0.002914	365	150247	Anoxybacillus
SRR11207337_metagenome_mock_dna_R1.fastq.kaiju.ktxt	0.002898	363	1357	Lactococcus
SRR11207337_metagenome_mock_dna_R1.fastq.kaiju.ktxt	0.002650	332	635	Edwardsiella
SRR11207337_metagenome_mock_dna_R1.fastq.kaiju.ktxt	0.002490	312	55079	Aneurinibacillus
SRR11207337_metagenome_mock_dna_R1.fastq.kaiju.ktxt	0.002490	312	490731	Kwoniella
SRR11207337_metagenome_mock_dna_R1.fastq.kaiju.ktxt	0.002315	290	33926	Candidatus Phytoplasma
SRR11207337_metagenome_mock_dna_R1.fastq.kaiju.ktxt	0.002219	278	445	Legionella
SRR11207337_metagenome_mock_dna_R1.fastq.kaiju.ktxt	0.002043	256	122277	Pectobacterium
SRR11207337_metagenome_mock_dna_R1.fastq.kaiju.ktxt	0.001980	248	182709	Oceanobacillus
SRR11207337_metagenome_mock_dna_R1.fastq.kaiju.ktxt	0.001964	246	1678	Bifidobacterium
SRR11207337_metagenome_mock_dna_R1.fastq.kaiju.ktxt	0.001956	245	158483	Cedecea
SRR11207337_metagenome_mock_dna_R1.fastq.kaiju.ktxt	0.001932	242	704093	Anaerobacillus
SRR11207337_metagenome_mock_dna_R1.fastq.kaiju.ktxt	0.001924	241	75984	Mannheimia
SRR11207337_metagenome_mock_dna_R1.fastq.kaiju.ktxt	0.001924	241	2529408	Schaalia
SRR11207337_metagenome_mock_dna_R1.fastq.kaiju.ktxt	0.001900	238	816	Bacteroides
SRR11207337_metagenome_mock_dna_R1.fastq.kaiju.ktxt	0.001868	234	2094023	Glaesserella
SRR11207337_metagenome_mock_dna_R1.fastq.kaiju.ktxt	0.001860	233	105767	Tremella
SRR11207337_metagenome_mock_dna_R1.fastq.kaiju.ktxt	0.001844	231	129337	Geobacillus
SRR11207337_metagenome_mock_dna_R1.fastq.kaiju.ktxt	0.001772	222	158876	Yokenella
SRR11207337_metagenome_mock_dna_R1.fastq.kaiju.ktxt	0.001764	221	29465	Veillonella
SRR11207337_metagenome_mock_dna_R1.fastq.kaiju.ktxt	0.001756	220	5605	Saitoella
SRR11207337_metagenome_mock_dna_R1.fastq.kaiju.ktxt	0.001692	212	2697	Heliobacterium
SRR11207337_metagenome_mock_dna_R1.fastq.kaiju.ktxt	0.001676	210	28453	Sphingobacterium
SRR11207337_metagenome_mock_dna_R1.fastq.kaiju.ktxt	0.001676	210	107449	Phaffia
SRR11207337_metagenome_mock_dna_R1.fastq.kaiju.ktxt	0.001565	196	338	Xanthomonas
SRR11207337_metagenome_mock_dna_R1.fastq.kaiju.ktxt	0.001557	195	1243	Leuconostoc
SRR11207337_metagenome_mock_dna_R1.fastq.kaiju.ktxt	0.001517	190	2755	Brochothrix
SRR11207337_metagenome_mock_dna_R1.fastq.kaiju.ktxt	0.001517	190	106589	Cupriavidus
SRR11207337_metagenome_mock_dna_R1.fastq.kaiju.ktxt	0.001445	181	83654	Leclercia
SRR11207337_metagenome_mock_dna_R1.fastq.kaiju.ktxt	0.001389	174	165779	Anaerococcus
SRR11207337_metagenome_mock_dna_R1.fastq.kaiju.ktxt	0.001373	172	194	Campylobacter
SRR11207337_metagenome_mock_dna_R1.fastq.kaiju.ktxt	0.001365	171	1253	Pediococcus
SRR11207337_metagenome_mock_dna_R1.fastq.kaiju.ktxt	0.001357	170	551	Erwinia
SRR11207337_metagenome_mock_dna_R1.fastq.kaiju.ktxt	0.001349	169	1330547	Kosakonia
SRR11207337_metagenome_mock_dna_R1.fastq.kaiju.ktxt	0.001253	157	34453	Hebeloma
SRR11207337_metagenome_mock_dna_R1.fastq.kaiju.ktxt	0.001221	153	642	Aeromonas
SRR11207337_metagenome_mock_dna_R1.fastq.kaiju.ktxt	0.001141	143	626	Xenorhabdus
SRR11207337_metagenome_mock_dna_R1.fastq.kaiju.ktxt	0.001133	142	165696	Novosphingobium
SRR11207337_metagenome_mock_dna_R1.fastq.kaiju.ktxt	0.001126	141	2745	Halomonas
SRR11207337_metagenome_mock_dna_R1.fastq.kaiju.ktxt	0.001118	140	461281	Ogataea
SRR11207337_metagenome_mock_dna_R1.fastq.kaiju.ktxt	0.001054	132	29487	Photorhabdus
SRR11207337_metagenome_mock_dna_R1.fastq.kaiju.ktxt	0.001014	127	1906945	Parageobacillus
SRR11207337_metagenome_mock_dna_R1.fastq.kaiju.ktxt	0.000990	124	2742	Marinobacter
SRR11207337_metagenome_mock_dna_R1.fastq.kaiju.ktxt	0.000878	110	5140	Neurospora
SRR11207337_metagenome_mock_dna_R1.fastq.kaiju.ktxt	0.000878	110	120652	Methylocella
SRR11207337_metagenome_mock_dna_R1.fastq.kaiju.ktxt	0.000862	108	1716	Corynebacterium
SRR11207337_metagenome_mock_dna_R1.fastq.kaiju.ktxt	0.000854	107	216851	Faecalibacterium
SRR11207337_metagenome_mock_dna_R1.fastq.kaiju.ktxt	0.000846	106	773	Bartonella
SRR11207337_metagenome_mock_dna_R1.fastq.kaiju.ktxt	0.000838	105	1378	Gemella
SRR11207337_metagenome_mock_dna_R1.fastq.kaiju.ktxt	0.000822	103	1822464	Paraburkholderia
SRR11207337_metagenome_mock_dna_R1.fastq.kaiju.ktxt	0.000798	100	204037	Dickeya
SRR11207337_metagenome_mock_dna_R1.fastq.kaiju.ktxt	0.000790	99	374468	Nakaseomyces
SRR11207337_metagenome_mock_dna_R1.fastq.kaiju.ktxt	0.000782	98	2034	Curtobacterium
SRR11207337_metagenome_mock_dna_R1.fastq.kaiju.ktxt	0.000766	96	162291	Planomicrobium
SRR11207337_metagenome_mock_dna_R1.fastq.kaiju.ktxt	0.000766	96	281915	Curvibacter
SRR11207337_metagenome_mock_dna_R1.fastq.kaiju.ktxt	0.000758	95	5296	Puccinia
SRR11207337_metagenome_mock_dna_R1.fastq.kaiju.ktxt	0.000750	94	482	Neisseria
SRR11207337_metagenome_mock_dna_R1.fastq.kaiju.ktxt	0.000750	94	528	Ochrobactrum
SRR11207337_metagenome_mock_dna_R1.fastq.kaiju.ktxt	0.000750	94	1017280	Pseudoflavonifractor
SRR11207337_metagenome_mock_dna_R1.fastq.kaiju.ktxt	0.000726	91	4917	Pachysolen
SRR11207337_metagenome_mock_dna_R1.fastq.kaiju.ktxt	0.000718	90	599737	Wickerhamomyces
SRR11207337_metagenome_mock_dna_R1.fastq.kaiju.ktxt	0.000718	90	1612157	Pararhodospirillum
SRR11207337_metagenome_mock_dna_R1.fastq.kaiju.ktxt	0.000710	89	55080	Brevibacillus
SRR11207337_metagenome_mock_dna_R1.fastq.kaiju.ktxt	0.000710	89	1176129	Aulographum
SRR11207337_metagenome_mock_dna_R1.fastq.kaiju.ktxt	0.000702	88	379	Rhizobium
SRR11207337_metagenome_mock_dna_R1.fastq.kaiju.ktxt	0.000694	87	434	Acetobacter
SRR11207337_metagenome_mock_dna_R1.fastq.kaiju.ktxt	0.000694	87	82976	Buttiauxella
SRR11207337_metagenome_mock_dna_R1.fastq.kaiju.ktxt	0.000686	86	914	Nitrosomonas
SRR11207337_metagenome_mock_dna_R1.fastq.kaiju.ktxt	0.000678	85	5455	Colletotrichum
SRR11207337_metagenome_mock_dna_R1.fastq.kaiju.ktxt	0.000671	84	155415	Monosporascus
SRR11207337_metagenome_mock_dna_R1.fastq.kaiju.ktxt	0.000663	83	460517	Komagataella
SRR11207337_metagenome_mock_dna_R1.fastq.kaiju.ktxt	0.000663	83	1392992	Anthracocystis
SRR11207337_metagenome_mock_dna_R1.fastq.kaiju.ktxt	0.000655	82	22	Shewanella
SRR11207337_metagenome_mock_dna_R1.fastq.kaiju.ktxt	0.000655	82	713	Actinobacillus
SRR11207337_metagenome_mock_dna_R1.fastq.kaiju.ktxt	0.000647	81	209	Helicobacter
SRR11207337_metagenome_mock_dna_R1.fastq.kaiju.ktxt	0.000647	81	535	Chromobacterium
SRR11207337_metagenome_mock_dna_R1.fastq.kaiju.ktxt	0.000639	80	158851	Trabulsiella
SRR11207337_metagenome_mock_dna_R1.fastq.kaiju.ktxt	0.000631	79	5320	Pleurotus
SRR11207337_metagenome_mock_dna_R1.fastq.kaiju.ktxt	0.000631	79	46254	Oenococcus
SRR11207337_metagenome_mock_dna_R1.fastq.kaiju.ktxt	0.000623	78	68	Lysobacter
SRR11207337_metagenome_mock_dna_R1.fastq.kaiju.ktxt	0.000623	78	1873	Micromonospora
SRR11207337_metagenome_mock_dna_R1.fastq.kaiju.ktxt	0.000623	78	43431	Sphaerosporella
SRR11207337_metagenome_mock_dna_R1.fastq.kaiju.ktxt	0.000615	77	1569	Sporosarcina
SRR11207337_metagenome_mock_dna_R1.fastq.kaiju.ktxt	0.000615	77	5506	Fusarium
SRR11207337_metagenome_mock_dna_R1.fastq.kaiju.ktxt	0.000607	76	1375	Aerococcus
SRR11207337_metagenome_mock_dna_R1.fastq.kaiju.ktxt	0.000607	76	265975	Oribacterium
SRR11207337_metagenome_mock_dna_R1.fastq.kaiju.ktxt	0.000583	73	1981958	Pseudomicrostroma
SRR11207337_metagenome_mock_dna_R1.fastq.kaiju.ktxt	0.000575	72	1854	Frankia
SRR11207337_metagenome_mock_dna_R1.fastq.kaiju.ktxt	0.000575	72	47420	Hydrogenophaga
SRR11207337_metagenome_mock_dna_R1.fastq.kaiju.ktxt	0.000575	72	1330546	Pluralibacter
SRR11207337_metagenome_mock_dna_R1.fastq.kaiju.ktxt	0.000559	70	80744	Serpula
SRR11207337_metagenome_mock_dna_R1.fastq.kaiju.ktxt	0.000559	70	93827	Gymnopus
SRR11207337_metagenome_mock_dna_R1.fastq.kaiju.ktxt	0.000543	68	941338	Bhargavaea
SRR11207337_metagenome_mock_dna_R1.fastq.kaiju.ktxt	0.000535	67	1730	Eubacterium
SRR11207337_metagenome_mock_dna_R1.fastq.kaiju.ktxt	0.000527	66	1988	Actinomadura
SRR11207337_metagenome_mock_dna_R1.fastq.kaiju.ktxt	0.000527	66	358905	Serendipita
SRR11207337_metagenome_mock_dna_R1.fastq.kaiju.ktxt	0.000519	65	1372	Planococcus
SRR11207337_metagenome_mock_dna_R1.fastq.kaiju.ktxt	0.000519	65	201096	Alicycliphilus
SRR11207337_metagenome_mock_dna_R1.fastq.kaiju.ktxt	0.000511	64	507	Alcaligenes
SRR11207337_metagenome_mock_dna_R1.fastq.kaiju.ktxt	0.000511	64	229219	Blastomyces
SRR11207337_metagenome_mock_dna_R1.fastq.kaiju.ktxt	0.000487	61	5690	Trypanosoma
SRR11207337_metagenome_mock_dna_R1.fastq.kaiju.ktxt	0.000487	61	102106	Collinsella
SRR11207337_metagenome_mock_dna_R1.fastq.kaiju.ktxt	0.000463	58	33882	Microbacterium
SRR11207337_metagenome_mock_dna_R1.fastq.kaiju.ktxt	0.000463	58	48736	Ralstonia
SRR11207337_metagenome_mock_dna_R1.fastq.kaiju.ktxt	0.000455	57	79808	Coniochaeta
SRR11207337_metagenome_mock_dna_R1.fastq.kaiju.ktxt	0.000455	57	202696	Jaapia
SRR11207337_metagenome_mock_dna_R1.fastq.kaiju.ktxt	0.000447	56	178440	Opitutus
SRR11207337_metagenome_mock_dna_R1.fastq.kaiju.ktxt	0.000447	56	1649298	Siccibacter
SRR11207337_metagenome_mock_dna_R1.fastq.kaiju.ktxt	0.000439	55	583	Proteus
SRR11207337_metagenome_mock_dna_R1.fastq.kaiju.ktxt	0.000439	55	2375	Sporomusa
SRR11207337_metagenome_mock_dna_R1.fastq.kaiju.ktxt	0.000439	55	89966	Hymenobacter
SRR11207337_metagenome_mock_dna_R1.fastq.kaiju.ktxt	0.000431	54	541	Zymomonas
SRR11207337_metagenome_mock_dna_R1.fastq.kaiju.ktxt	0.000431	54	2719313	Enterocloster
SRR11207337_metagenome_mock_dna_R1.fastq.kaiju.ktxt	0.000423	53	965	Oceanospirillum
SRR11207337_metagenome_mock_dna_R1.fastq.kaiju.ktxt	0.000423	53	12916	Acidovorax
SRR11207337_metagenome_mock_dna_R1.fastq.kaiju.ktxt	0.000423	53	2057233	Absiella
SRR11207337_metagenome_mock_dna_R1.fastq.kaiju.ktxt	0.000415	52	2737	Vagococcus
SRR11207337_metagenome_mock_dna_R1.fastq.kaiju.ktxt	0.000407	51	4953	Zygosaccharomyces
SRR11207337_metagenome_mock_dna_R1.fastq.kaiju.ktxt	0.000391	49	5761	Naegleria
SRR11207337_metagenome_mock_dna_R1.fastq.kaiju.ktxt	0.000391	49	107830	Myxobacter
SRR11207337_metagenome_mock_dna_R1.fastq.kaiju.ktxt	0.000391	49	1866885	Mycolicibacterium
SRR11207337_metagenome_mock_dna_R1.fastq.kaiju.ktxt	0.000383	48	237	Flavobacterium
SRR11207337_metagenome_mock_dna_R1.fastq.kaiju.ktxt	0.000383	48	586	Providencia
SRR11207337_metagenome_mock_dna_R1.fastq.kaiju.ktxt	0.000383	48	1860	Geodermatophilus
SRR11207337_metagenome_mock_dna_R1.fastq.kaiju.ktxt	0.000375	47	74385	Gracilibacillus
SRR11207337_metagenome_mock_dna_R1.fastq.kaiju.ktxt	0.000375	47	100883	Coprobacillus
SRR11207337_metagenome_mock_dna_R1.fastq.kaiju.ktxt	0.000375	47	106633	Thioalkalivibrio
SRR11207337_metagenome_mock_dna_R1.fastq.kaiju.ktxt	0.000367	46	352	Azotobacter
SRR11207337_metagenome_mock_dna_R1.fastq.kaiju.ktxt	0.000367	46	1663	Arthrobacter
SRR11207337_metagenome_mock_dna_R1.fastq.kaiju.ktxt	0.000367	46	1506553	Lachnoclostridium
SRR11207337_metagenome_mock_dna_R1.fastq.kaiju.ktxt	0.000359	45	970	Selenomonas
SRR11207337_metagenome_mock_dna_R1.fastq.kaiju.ktxt	0.000359	45	13687	Sphingomonas
SRR11207337_metagenome_mock_dna_R1.fastq.kaiju.ktxt	0.000351	44	568	Hafnia
SRR11207337_metagenome_mock_dna_R1.fastq.kaiju.ktxt	0.000351	44	447792	Phytobacter
SRR11207337_metagenome_mock_dna_R1.fastq.kaiju.ktxt	0.000343	43	4951	Yarrowia
SRR11207337_metagenome_mock_dna_R1.fastq.kaiju.ktxt	0.000343	43	33057	Thauera
SRR11207337_metagenome_mock_dna_R1.fastq.kaiju.ktxt	0.000343	43	34037	Rahnella
SRR11207337_metagenome_mock_dna_R1.fastq.kaiju.ktxt	0.000343	43	115780	Desulfotignum
SRR11207337_metagenome_mock_dna_R1.fastq.kaiju.ktxt	0.000343	43	131079	Limnobacter
SRR11207337_metagenome_mock_dna_R1.fastq.kaiju.ktxt	0.000335	42	98757	Gelatoporia
SRR11207337_metagenome_mock_dna_R1.fastq.kaiju.ktxt	0.000327	41	5626	Grifola
SRR11207337_metagenome_mock_dna_R1.fastq.kaiju.ktxt	0.000327	41	308926	Diversispora
SRR11207337_metagenome_mock_dna_R1.fastq.kaiju.ktxt	0.000319	40	5552	Trichosporon
SRR11207337_metagenome_mock_dna_R1.fastq.kaiju.ktxt	0.000319	40	81682	Methylovorus
SRR11207337_metagenome_mock_dna_R1.fastq.kaiju.ktxt	0.000311	39	53	Nannocystis
SRR11207337_metagenome_mock_dna_R1.fastq.kaiju.ktxt	0.000311	39	417127	Zunongwangia
SRR11207337_metagenome_mock_dna_R1.fastq.kaiju.ktxt	0.000311	39	697331	Basfia
SRR11207337_metagenome_mock_dna_R1.fastq.kaiju.ktxt	0.000311	39	1400060	Roseibaca
SRR11207337_metagenome_mock_dna_R1.fastq.kaiju.ktxt	0.000303	38	1263	Ruminococcus
SRR11207337_metagenome_mock_dna_R1.fastq.kaiju.ktxt	0.000303	38	1847	Pseudonocardia
SRR11207337_metagenome_mock_dna_R1.fastq.kaiju.ktxt	0.000303	38	4919	Pichia
SRR11207337_metagenome_mock_dna_R1.fastq.kaiju.ktxt	0.000303	38	5581	Beauveria
SRR11207337_metagenome_mock_dna_R1.fastq.kaiju.ktxt	0.000303	38	71245	Kazachstania
SRR11207337_metagenome_mock_dna_R1.fastq.kaiju.ktxt	0.000303	38	133746	Punctularia
SRR11207337_metagenome_mock_dna_R1.fastq.kaiju.ktxt	0.000303	38	305899	Endozoicomonas
SRR11207337_metagenome_mock_dna_R1.fastq.kaiju.ktxt	0.000295	37	68288	Cyclobacterium
SRR11207337_metagenome_mock_dna_R1.fastq.kaiju.ktxt	0.000295	37	1827195	Caballeronia
SRR11207337_metagenome_mock_dna_R1.fastq.kaiju.ktxt	0.000287	36	5094	Talaromyces
SRR11207337_metagenome_mock_dna_R1.fastq.kaiju.ktxt	0.000287	36	32199	Buchnera
SRR11207337_metagenome_mock_dna_R1.fastq.kaiju.ktxt	0.000287	36	38501	Blastococcus
SRR11207337_metagenome_mock_dna_R1.fastq.kaiju.ktxt	0.000279	35	5324	Trametes
SRR11207337_metagenome_mock_dna_R1.fastq.kaiju.ktxt	0.000279	35	27331	Protomyces
SRR11207337_metagenome_mock_dna_R1.fastq.kaiju.ktxt	0.000279	35	29825	Neolecta
SRR11207337_metagenome_mock_dna_R1.fastq.kaiju.ktxt	0.000279	35	40463	Peniophora
SRR11207337_metagenome_mock_dna_R1.fastq.kaiju.ktxt	0.000279	35	83681	Nonomuraea
SRR11207337_metagenome_mock_dna_R1.fastq.kaiju.ktxt	0.000279	35	204456	Gemmobacter
SRR11207337_metagenome_mock_dna_R1.fastq.kaiju.ktxt	0.000271	34	40996	Elsinoe
SRR11207337_metagenome_mock_dna_R1.fastq.kaiju.ktxt	0.000271	34	165697	Sphingopyxis
SRR11207337_metagenome_mock_dna_R1.fastq.kaiju.ktxt	0.000271	34	336809	Candidatus Sulcia
SRR11207337_metagenome_mock_dna_R1.fastq.kaiju.ktxt	0.000271	34	1330545	Lelliottia
SRR11207337_metagenome_mock_dna_R1.fastq.kaiju.ktxt	0.000263	33	5800	Eimeria
SRR11207337_metagenome_mock_dna_R1.fastq.kaiju.ktxt	0.000263	33	13562	Heterobasidion
SRR11207337_metagenome_mock_dna_R1.fastq.kaiju.ktxt	0.000263	33	41275	Brevundimonas
SRR11207337_metagenome_mock_dna_R1.fastq.kaiju.ktxt	0.000255	32	34008	Rhodovulum
SRR11207337_metagenome_mock_dna_R1.fastq.kaiju.ktxt	0.000255	32	48075	Marinobacterium
SRR11207337_metagenome_mock_dna_R1.fastq.kaiju.ktxt	0.000255	32	317045	Kuraishia
SRR11207337_metagenome_mock_dna_R1.fastq.kaiju.ktxt	0.000255	32	401624	Ceraceosorus
SRR11207337_metagenome_mock_dna_R1.fastq.kaiju.ktxt	0.000255	32	1055323	Aeribacillus
SRR11207337_metagenome_mock_dna_R1.fastq.kaiju.ktxt	0.000247	31	34019	Liberibacter
SRR11207337_metagenome_mock_dna_R1.fastq.kaiju.ktxt	0.000247	31	291988	Thermosediminibacter
SRR11207337_metagenome_mock_dna_R1.fastq.kaiju.ktxt	0.000247	31	768669	Thermogemmatispora
SRR11207337_metagenome_mock_dna_R1.fastq.kaiju.ktxt	0.000247	31	1890244	Saitozyma
SRR11207337_metagenome_mock_dna_R1.fastq.kaiju.ktxt	0.000247	31	1910899	Naematelia
SRR11207337_metagenome_mock_dna_R1.fastq.kaiju.ktxt	0.000239	30	577310	Parasutterella
SRR11207337_metagenome_mock_dna_R1.fastq.kaiju.ktxt	0.000239	30	2490452	Serpentinomonas
SRR11207337_metagenome_mock_dna_R1.fastq.kaiju.ktxt	0.000231	29	1817	Nocardia
SRR11207337_metagenome_mock_dna_R1.fastq.kaiju.ktxt	0.000231	29	35127	Thalassiosira
SRR11207337_metagenome_mock_dna_R1.fastq.kaiju.ktxt	0.000231	29	162027	Haliangium
SRR11207337_metagenome_mock_dna_R1.fastq.kaiju.ktxt	0.000231	29	379065	Caldalkalibacillus
SRR11207337_metagenome_mock_dna_R1.fastq.kaiju.ktxt	0.000231	29	507510	Hyphopichia
SRR11207337_metagenome_mock_dna_R1.fastq.kaiju.ktxt	0.000231	29	1322061	Rhizoctonia
SRR11207337_metagenome_mock_dna_R1.fastq.kaiju.ktxt	0.000224	28	59732	Chryseobacterium
SRR11207337_metagenome_mock_dna_R1.fastq.kaiju.ktxt	0.000224	28	215249	Acaromyces
SRR11207337_metagenome_mock_dna_R1.fastq.kaiju.ktxt	0.000224	28	455076	Rhodocytophaga
SRR11207337_metagenome_mock_dna_R1.fastq.kaiju.ktxt	0.000224	28	1433996	Desulfobaculum
SRR11207337_metagenome_mock_dna_R1.fastq.kaiju.ktxt	0.000216	27	1654	Actinomyces
SRR11207337_metagenome_mock_dna_R1.fastq.kaiju.ktxt	0.000216	27	13134	Magnetospirillum
SRR11207337_metagenome_mock_dna_R1.fastq.kaiju.ktxt	0.000216	27	84593	Verrucosispora
SRR11207337_metagenome_mock_dna_R1.fastq.kaiju.ktxt	0.000216	27	100860	Aphanomyces
SRR11207337_metagenome_mock_dna_R1.fastq.kaiju.ktxt	0.000216	27	1329200	Fictibacillus
SRR11207337_metagenome_mock_dna_R1.fastq.kaiju.ktxt	0.000216	27	2055880	Pseudescherichia
SRR11207337_metagenome_mock_dna_R1.fastq.kaiju.ktxt	0.000208	26	5543	Trichoderma
SRR11207337_metagenome_mock_dna_R1.fastq.kaiju.ktxt	0.000208	26	5820	Plasmodium
SRR11207337_metagenome_mock_dna_R1.fastq.kaiju.ktxt	0.000208	26	71655	Brenneria
SRR11207337_metagenome_mock_dna_R1.fastq.kaiju.ktxt	0.000208	26	104267	Tenacibaculum
SRR11207337_metagenome_mock_dna_R1.fastq.kaiju.ktxt	0.000200	25	1743	Propionibacterium
SRR11207337_metagenome_mock_dna_R1.fastq.kaiju.ktxt	0.000200	25	39643	Sorangium
SRR11207337_metagenome_mock_dna_R1.fastq.kaiju.ktxt	0.000200	25	40144	Tricholoma
SRR11207337_metagenome_mock_dna_R1.fastq.kaiju.ktxt	0.000200	25	85413	Bosea
SRR11207337_metagenome_mock_dna_R1.fastq.kaiju.ktxt	0.000200	25	265488	Rhodopirellula
SRR11207337_metagenome_mock_dna_R1.fastq.kaiju.ktxt	0.000192	24	832	Fibrobacter
SRR11207337_metagenome_mock_dna_R1.fastq.kaiju.ktxt	0.000192	24	5260	Melampsora
SRR11207337_metagenome_mock_dna_R1.fastq.kaiju.ktxt	0.000192	24	5637	Polyporus
SRR11207337_metagenome_mock_dna_R1.fastq.kaiju.ktxt	0.000192	24	28196	Arcobacter
SRR11207337_metagenome_mock_dna_R1.fastq.kaiju.ktxt	0.000192	24	68287	Mesorhizobium
SRR11207337_metagenome_mock_dna_R1.fastq.kaiju.ktxt	0.000192	24	99479	Tetrasphaera
SRR11207337_metagenome_mock_dna_R1.fastq.kaiju.ktxt	0.000192	24	149698	Massilia
SRR11207337_metagenome_mock_dna_R1.fastq.kaiju.ktxt	0.000192	24	1649295	Franconibacter
SRR11207337_metagenome_mock_dna_R1.fastq.kaiju.ktxt	0.000184	23	283	Comamonas
SRR11207337_metagenome_mock_dna_R1.fastq.kaiju.ktxt	0.000184	23	1016	Capnocytophaga
SRR11207337_metagenome_mock_dna_R1.fastq.kaiju.ktxt	0.000184	23	1696	Brevibacterium
SRR11207337_metagenome_mock_dna_R1.fastq.kaiju.ktxt	0.000184	23	36034	Saccharomycodes
SRR11207337_metagenome_mock_dna_R1.fastq.kaiju.ktxt	0.000184	23	84406	Virgibacillus
SRR11207337_metagenome_mock_dna_R1.fastq.kaiju.ktxt	0.000184	23	119977	Acidithiobacillus
SRR11207337_metagenome_mock_dna_R1.fastq.kaiju.ktxt	0.000176	22	4815	Spizellomyces
SRR11207337_metagenome_mock_dna_R1.fastq.kaiju.ktxt	0.000176	22	124426	Ustilaginoidea
SRR11207337_metagenome_mock_dna_R1.fastq.kaiju.ktxt	0.000176	22	165695	Sphingobium
SRR11207337_metagenome_mock_dna_R1.fastq.kaiju.ktxt	0.000176	22	1206353	Lizonia
SRR11207337_metagenome_mock_dna_R1.fastq.kaiju.ktxt	0.000176	22	1331737	Haloactinobacterium
SRR11207337_metagenome_mock_dna_R1.fastq.kaiju.ktxt	0.000176	22	1511635	Aquisphaera
SRR11207337_metagenome_mock_dna_R1.fastq.kaiju.ktxt	0.000176	22	2304691	Thermoclostridium
SRR11207337_metagenome_mock_dna_R1.fastq.kaiju.ktxt	0.000168	21	171	Leptospira
SRR11207337_metagenome_mock_dna_R1.fastq.kaiju.ktxt	0.000168	21	872	Desulfovibrio
SRR11207337_metagenome_mock_dna_R1.fastq.kaiju.ktxt	0.000168	21	45294	Ophiobolus
SRR11207337_metagenome_mock_dna_R1.fastq.kaiju.ktxt	0.000168	21	68793	Botryobasidium
SRR11207337_metagenome_mock_dna_R1.fastq.kaiju.ktxt	0.000168	21	84565	Sodalis
SRR11207337_metagenome_mock_dna_R1.fastq.kaiju.ktxt	0.000168	21	100043	Pleomassaria
SRR11207337_metagenome_mock_dna_R1.fastq.kaiju.ktxt	0.000168	21	392825	Halalkalibacillus
SRR11207337_metagenome_mock_dna_R1.fastq.kaiju.ktxt	0.000168	21	2079189	Tetzosporium
SRR11207337_metagenome_mock_dna_R1.fastq.kaiju.ktxt	0.000160	20	1707	Cellulomonas
SRR11207337_metagenome_mock_dna_R1.fastq.kaiju.ktxt	0.000160	20	29330	Alicyclobacillus
SRR11207337_metagenome_mock_dna_R1.fastq.kaiju.ktxt	0.000160	20	59753	Alcanivorax
SRR11207337_metagenome_mock_dna_R1.fastq.kaiju.ktxt	0.000160	20	80865	Delftia
SRR11207337_metagenome_mock_dna_R1.fastq.kaiju.ktxt	0.000160	20	100474	Batrachochytrium
SRR11207337_metagenome_mock_dna_R1.fastq.kaiju.ktxt	0.000160	20	139276	Dacryopinax
SRR11207337_metagenome_mock_dna_R1.fastq.kaiju.ktxt	0.000160	20	2316020	Mediterraneibacter
SRR11207337_metagenome_mock_dna_R1.fastq.kaiju.ktxt	0.000152	19	93217	Pandoraea
SRR11207337_metagenome_mock_dna_R1.fastq.kaiju.ktxt	0.000152	19	243627	Hydrocarboniphaga
SRR11207337_metagenome_mock_dna_R1.fastq.kaiju.ktxt	0.000152	19	1484898	Methyloceanibacter
SRR11207337_metagenome_mock_dna_R1.fastq.kaiju.ktxt	0.000144	18	657	Photobacterium
SRR11207337_metagenome_mock_dna_R1.fastq.kaiju.ktxt	0.000144	18	2295	Desulfobacterium
SRR11207337_metagenome_mock_dna_R1.fastq.kaiju.ktxt	0.000144	18	4888	Smittium
SRR11207337_metagenome_mock_dna_R1.fastq.kaiju.ktxt	0.000144	18	69965	Macrococcus
SRR11207337_metagenome_mock_dna_R1.fastq.kaiju.ktxt	0.000144	18	191373	Pelotomaculum
SRR11207337_metagenome_mock_dna_R1.fastq.kaiju.ktxt	0.000144	18	305976	Pusillimonas
SRR11207337_metagenome_mock_dna_R1.fastq.kaiju.ktxt	0.000144	18	447467	Simiduia
SRR11207337_metagenome_mock_dna_R1.fastq.kaiju.ktxt	0.000144	18	478070	Labrenzia
SRR11207337_metagenome_mock_dna_R1.fastq.kaiju.ktxt	0.000144	18	501783	Cloacibacterium
SRR11207337_metagenome_mock_dna_R1.fastq.kaiju.ktxt	0.000144	18	596495	Sciscionella
SRR11207337_metagenome_mock_dna_R1.fastq.kaiju.ktxt	0.000136	17	475	Moraxella
SRR11207337_metagenome_mock_dna_R1.fastq.kaiju.ktxt	0.000136	17	1234	Nitrospira
SRR11207337_metagenome_mock_dna_R1.fastq.kaiju.ktxt	0.000136	17	1865	Actinoplanes
SRR11207337_metagenome_mock_dna_R1.fastq.kaiju.ktxt	0.000136	17	4830	Mucor
SRR11207337_metagenome_mock_dna_R1.fastq.kaiju.ktxt	0.000136	17	4863	Coemansia
SRR11207337_metagenome_mock_dna_R1.fastq.kaiju.ktxt	0.000136	17	28253	Marinomonas
SRR11207337_metagenome_mock_dna_R1.fastq.kaiju.ktxt	0.000136	17	44258	Caloramator
SRR11207337_metagenome_mock_dna_R1.fastq.kaiju.ktxt	0.000136	17	50709	Acidocella
SRR11207337_metagenome_mock_dna_R1.fastq.kaiju.ktxt	0.000136	17	105983	Apiotrichum
SRR11207337_metagenome_mock_dna_R1.fastq.kaiju.ktxt	0.000136	17	286114	Synchytrium
SRR11207337_metagenome_mock_dna_R1.fastq.kaiju.ktxt	0.000136	17	315078	Cudoniella
SRR11207337_metagenome_mock_dna_R1.fastq.kaiju.ktxt	0.000136	17	366614	Haematobacter
SRR11207337_metagenome_mock_dna_R1.fastq.kaiju.ktxt	0.000136	17	451512	Mangrovibacter
SRR11207337_metagenome_mock_dna_R1.fastq.kaiju.ktxt	0.000136	17	1335483	Shimwellia
SRR11207337_metagenome_mock_dna_R1.fastq.kaiju.ktxt	0.000136	17	2055876	Metakosakonia
SRR11207337_metagenome_mock_dna_R1.fastq.kaiju.ktxt	0.000128	16	581	Morganella
SRR11207337_metagenome_mock_dna_R1.fastq.kaiju.ktxt	0.000128	16	13348	Arthrobotrys
SRR11207337_metagenome_mock_dna_R1.fastq.kaiju.ktxt	0.000128	16	29832	Hanseniaspora
SRR11207337_metagenome_mock_dna_R1.fastq.kaiju.ktxt	0.000128	16	42837	Ammonifex
SRR11207337_metagenome_mock_dna_R1.fastq.kaiju.ktxt	0.000128	16	67575	Rheinheimera
SRR11207337_metagenome_mock_dna_R1.fastq.kaiju.ktxt	0.000128	16	68743	Pluteus
SRR11207337_metagenome_mock_dna_R1.fastq.kaiju.ktxt	0.000128	16	135575	Idiomarina
SRR11207337_metagenome_mock_dna_R1.fastq.kaiju.ktxt	0.000128	16	2303321	Superficieibacter
SRR11207337_metagenome_mock_dna_R1.fastq.kaiju.ktxt	0.000120	15	374	Bradyrhizobium
SRR11207337_metagenome_mock_dna_R1.fastq.kaiju.ktxt	0.000120	15	906	Megasphaera
SRR11207337_metagenome_mock_dna_R1.fastq.kaiju.ktxt	0.000120	15	1813	Amycolatopsis
SRR11207337_metagenome_mock_dna_R1.fastq.kaiju.ktxt	0.000120	15	35798	Nitrosospira
SRR11207337_metagenome_mock_dna_R1.fastq.kaiju.ktxt	0.000120	15	55193	Malassezia
SRR11207337_metagenome_mock_dna_R1.fastq.kaiju.ktxt	0.000120	15	78910	Syncephalis
SRR11207337_metagenome_mock_dna_R1.fastq.kaiju.ktxt	0.000120	15	80662	Piloderma
SRR11207337_metagenome_mock_dna_R1.fastq.kaiju.ktxt	0.000120	15	184027	Golovinomyces
SRR11207337_metagenome_mock_dna_R1.fastq.kaiju.ktxt	0.000120	15	766502	Millerozyma
SRR11207337_metagenome_mock_dna_R1.fastq.kaiju.ktxt	0.000120	15	1082702	Lonsdalea
SRR11207337_metagenome_mock_dna_R1.fastq.kaiju.ktxt	0.000120	15	1114981	Piscinibacter
SRR11207337_metagenome_mock_dna_R1.fastq.kaiju.ktxt	0.000112	14	2063	Kitasatospora
SRR11207337_metagenome_mock_dna_R1.fastq.kaiju.ktxt	0.000112	14	5073	Penicillium
SRR11207337_metagenome_mock_dna_R1.fastq.kaiju.ktxt	0.000112	14	29521	Brachyspira
SRR11207337_metagenome_mock_dna_R1.fastq.kaiju.ktxt	0.000112	14	45667	Halobacillus
SRR11207337_metagenome_mock_dna_R1.fastq.kaiju.ktxt	0.000112	14	56747	Fibularhizoctonia
SRR11207337_metagenome_mock_dna_R1.fastq.kaiju.ktxt	0.000112	14	82986	Tatumella
SRR11207337_metagenome_mock_dna_R1.fastq.kaiju.ktxt	0.000112	14	139133	Sistotremastrum
SRR11207337_metagenome_mock_dna_R1.fastq.kaiju.ktxt	0.000112	14	703505	Patellaria
SRR11207337_metagenome_mock_dna_R1.fastq.kaiju.ktxt	0.000112	14	1073531	Mycolicibacter
SRR11207337_metagenome_mock_dna_R1.fastq.kaiju.ktxt	0.000112	14	1780190	Izhakiella
SRR11207337_metagenome_mock_dna_R1.fastq.kaiju.ktxt	0.000104	13	53457	Janibacter
SRR11207337_metagenome_mock_dna_R1.fastq.kaiju.ktxt	0.000104	13	1649459	Hungatella
SRR11207337_metagenome_mock_dna_R1.fastq.kaiju.ktxt	0.000096	12	105	Runella
SRR11207337_metagenome_mock_dna_R1.fastq.kaiju.ktxt	0.000096	12	780	Rickettsia
SRR11207337_metagenome_mock_dna_R1.fastq.kaiju.ktxt	0.000096	12	1839	Nocardioides
SRR11207337_metagenome_mock_dna_R1.fastq.kaiju.ktxt	0.000096	12	4910	Kluyveromyces
SRR11207337_metagenome_mock_dna_R1.fastq.kaiju.ktxt	0.000096	12	40222	Methylophaga
SRR11207337_metagenome_mock_dna_R1.fastq.kaiju.ktxt	0.000096	12	41273	Tissierella
SRR11207337_metagenome_mock_dna_R1.fastq.kaiju.ktxt	0.000096	12	44260	Moorella
SRR11207337_metagenome_mock_dna_R1.fastq.kaiju.ktxt	0.000096	12	65007	Planoprotostelium
SRR11207337_metagenome_mock_dna_R1.fastq.kaiju.ktxt	0.000096	12	89404	Glaciecola
SRR11207337_metagenome_mock_dna_R1.fastq.kaiju.ktxt	0.000096	12	139389	Plicaturopsis
SRR11207337_metagenome_mock_dna_R1.fastq.kaiju.ktxt	0.000096	12	146936	Azonexus
SRR11207337_metagenome_mock_dna_R1.fastq.kaiju.ktxt	0.000096	12	496496	Viridibacillus
SRR11207337_metagenome_mock_dna_R1.fastq.kaiju.ktxt	0.000096	12	1273155	Thiohalobacter
SRR11207337_metagenome_mock_dna_R1.fastq.kaiju.ktxt	0.000096	12	1851468	Vanrija
SRR11207337_metagenome_mock_dna_R1.fastq.kaiju.ktxt	0.000096	12	1912216	Cutibacterium
SRR11207337_metagenome_mock_dna_R1.fastq.kaiju.ktxt	0.000088	11	637	Arsenophonus
SRR11207337_metagenome_mock_dna_R1.fastq.kaiju.ktxt	0.000088	11	1177	Nostoc
SRR11207337_metagenome_mock_dna_R1.fastq.kaiju.ktxt	0.000088	11	13075	Globicatella
SRR11207337_metagenome_mock_dna_R1.fastq.kaiju.ktxt	0.000088	11	1562158	Neopestalotiopsis
SRR11207337_metagenome_mock_dna_R1.fastq.kaiju.ktxt	0.000088	11	1822002	Enterobacillus
SRR11207337_metagenome_mock_dna_R1.fastq.kaiju.ktxt	0.000088	11	1930830	Floricoccus
SRR11207337_metagenome_mock_dna_R1.fastq.kaiju.ktxt	0.000088	11	2590586	Histidinibacterium
SRR11207337_metagenome_mock_dna_R1.fastq.kaiju.ktxt	0.000080	10	10	Cellvibrio
SRR11207337_metagenome_mock_dna_R1.fastq.kaiju.ktxt	0.000080	10	2077	Sporolactobacillus
SRR11207337_metagenome_mock_dna_R1.fastq.kaiju.ktxt	0.000080	10	2949	Symbiodinium
SRR11207337_metagenome_mock_dna_R1.fastq.kaiju.ktxt	0.000080	10	28105	Sinorhizobium
SRR11207337_metagenome_mock_dna_R1.fastq.kaiju.ktxt	0.000080	10	33024	Phascolarctobacterium
SRR11207337_metagenome_mock_dna_R1.fastq.kaiju.ktxt	0.000080	10	321315	Sphaerisporangium
SRR11207337_metagenome_mock_dna_R1.fastq.kaiju.ktxt	0.000080	10	1504576	Pseudocitrobacter
SRR11207337_metagenome_mock_dna_R1.fastq.kaiju.ktxt	0.000080	10	1906659	Candidatus Hoaglandella
SRR11207337_metagenome_mock_dna_R1.fastq.kaiju.ktxt	0.000072	9	2053	Gordonia
SRR11207337_metagenome_mock_dna_R1.fastq.kaiju.ktxt	0.000072	9	2093	Mycoplasma
SRR11207337_metagenome_mock_dna_R1.fastq.kaiju.ktxt	0.000072	9	2335	Thermotoga
SRR11207337_metagenome_mock_dna_R1.fastq.kaiju.ktxt	0.000072	9	4948	Torulaspora
SRR11207337_metagenome_mock_dna_R1.fastq.kaiju.ktxt	0.000072	9	4998	Kockovaella
SRR11207337_metagenome_mock_dna_R1.fastq.kaiju.ktxt	0.000072	9	5340	Agaricus
SRR11207337_metagenome_mock_dna_R1.fastq.kaiju.ktxt	0.000072	9	5533	Rhodotorula
SRR11207337_metagenome_mock_dna_R1.fastq.kaiju.ktxt	0.000072	9	5758	Entamoeba
SRR11207337_metagenome_mock_dna_R1.fastq.kaiju.ktxt	0.000072	9	13289	Tilletia
SRR11207337_metagenome_mock_dna_R1.fastq.kaiju.ktxt	0.000072	9	29888	Calocera
SRR11207337_metagenome_mock_dna_R1.fastq.kaiju.ktxt	0.000072	9	38832	Micromonas
SRR11207337_metagenome_mock_dna_R1.fastq.kaiju.ktxt	0.000072	9	47670	Lautropia
SRR11207337_metagenome_mock_dna_R1.fastq.kaiju.ktxt	0.000072	9	278028	Naumovozyma
SRR11207337_metagenome_mock_dna_R1.fastq.kaiju.ktxt	0.000072	9	329857	Cohnella
SRR11207337_metagenome_mock_dna_R1.fastq.kaiju.ktxt	0.000072	9	416212	Ferrovum
SRR11207337_metagenome_mock_dna_R1.fastq.kaiju.ktxt	0.000072	9	1193503	Gilliamella
SRR11207337_metagenome_mock_dna_R1.fastq.kaiju.ktxt	0.000072	9	1838142	Cutaneotrichosporon
SRR11207337_metagenome_mock_dna_R1.fastq.kaiju.ktxt	0.000072	9	2093783	Methylomusa
SRR11207337_metagenome_mock_dna_R1.fastq.kaiju.ktxt	0.000064	8	838	Prevotella
SRR11207337_metagenome_mock_dna_R1.fastq.kaiju.ktxt	0.000064	8	1649	Kurthia
SRR11207337_metagenome_mock_dna_R1.fastq.kaiju.ktxt	0.000064	8	4753	Pneumocystis
SRR11207337_metagenome_mock_dna_R1.fastq.kaiju.ktxt	0.000064	8	5112	Epichloe
SRR11207337_metagenome_mock_dna_R1.fastq.kaiju.ktxt	0.000064	8	5193	Morchella
SRR11207337_metagenome_mock_dna_R1.fastq.kaiju.ktxt	0.000064	8	49082	Candidatus Arthromitus
SRR11207337_metagenome_mock_dna_R1.fastq.kaiju.ktxt	0.000064	8	51668	Tetragenococcus
SRR11207337_metagenome_mock_dna_R1.fastq.kaiju.ktxt	0.000064	8	57493	Kocuria
SRR11207337_metagenome_mock_dna_R1.fastq.kaiju.ktxt	0.000064	8	67572	Psychromonas
SRR11207337_metagenome_mock_dna_R1.fastq.kaiju.ktxt	0.000064	8	82980	Leminorella
SRR11207337_metagenome_mock_dna_R1.fastq.kaiju.ktxt	0.000064	8	147559	Delphinella
SRR11207337_metagenome_mock_dna_R1.fastq.kaiju.ktxt	0.000064	8	1822461	Negadavirga
SRR11207337_metagenome_mock_dna_R1.fastq.kaiju.ktxt	0.000064	8	2100764	Mixta
SRR11207337_metagenome_mock_dna_R1.fastq.kaiju.ktxt	0.000056	7	270	Thermus
SRR11207337_metagenome_mock_dna_R1.fastq.kaiju.ktxt	0.000056	7	407	Methylobacterium
SRR11207337_metagenome_mock_dna_R1.fastq.kaiju.ktxt	0.000056	7	1154	Spirulina
SRR11207337_metagenome_mock_dna_R1.fastq.kaiju.ktxt	0.000056	7	5395	Paxillus
SRR11207337_metagenome_mock_dna_R1.fastq.kaiju.ktxt	0.000056	7	83618	Pseudoxanthomonas
SRR11207337_metagenome_mock_dna_R1.fastq.kaiju.ktxt	0.000056	7	85947	Didymosphaeria
SRR11207337_metagenome_mock_dna_R1.fastq.kaiju.ktxt	0.000056	7	246861	Grimontia
SRR11207337_metagenome_mock_dna_R1.fastq.kaiju.ktxt	0.000056	7	423349	Mucilaginibacter
SRR11207337_metagenome_mock_dna_R1.fastq.kaiju.ktxt	0.000056	7	1847725	Lawsonella
SRR11207337_metagenome_mock_dna_R1.fastq.kaiju.ktxt	0.000048	6	75	Caulobacter
SRR11207337_metagenome_mock_dna_R1.fastq.kaiju.ktxt	0.000048	6	81	Hyphomicrobium
SRR11207337_metagenome_mock_dna_R1.fastq.kaiju.ktxt	0.000048	6	234	Brucella
SRR11207337_metagenome_mock_dna_R1.fastq.kaiju.ktxt	0.000048	6	265	Paracoccus
SRR11207337_metagenome_mock_dna_R1.fastq.kaiju.ktxt	0.000048	6	5314	Ganoderma
SRR11207337_metagenome_mock_dna_R1.fastq.kaiju.ktxt	0.000048	6	5375	Rhizopogon
SRR11207337_metagenome_mock_dna_R1.fastq.kaiju.ktxt	0.000048	6	5810	Toxoplasma
SRR11207337_metagenome_mock_dna_R1.fastq.kaiju.ktxt	0.000048	6	33170	Eremothecium
SRR11207337_metagenome_mock_dna_R1.fastq.kaiju.ktxt	0.000048	6	43947	Tolumonas
SRR11207337_metagenome_mock_dna_R1.fastq.kaiju.ktxt	0.000048	6	59740	Persicobacter
SRR11207337_metagenome_mock_dna_R1.fastq.kaiju.ktxt	0.000048	6	68785	Sphaerobolus
SRR11207337_metagenome_mock_dna_R1.fastq.kaiju.ktxt	0.000048	6	99906	Alkalibacterium
SRR11207337_metagenome_mock_dna_R1.fastq.kaiju.ktxt	0.000048	6	316612	Methylibium
SRR11207337_metagenome_mock_dna_R1.fastq.kaiju.ktxt	0.000048	6	466108	Biostraticola
SRR11207337_metagenome_mock_dna_R1.fastq.kaiju.ktxt	0.000048	6	500614	Desmospora
SRR11207337_metagenome_mock_dna_R1.fastq.kaiju.ktxt	0.000048	6	630749	Spongiibacter
SRR11207337_metagenome_mock_dna_R1.fastq.kaiju.ktxt	0.000048	6	695999	Actinophytocola
SRR11207337_metagenome_mock_dna_R1.fastq.kaiju.ktxt	0.000048	6	766733	Scheffersomyces
SRR11207337_metagenome_mock_dna_R1.fastq.kaiju.ktxt	0.000048	6	1849822	Paraclostridium
SRR11207337_metagenome_mock_dna_R1.fastq.kaiju.ktxt	0.000048	6	1903434	Atlantibacter
SRR11207337_metagenome_mock_dna_R1.fastq.kaiju.ktxt	0.000040	5	16	Methylophilus
SRR11207337_metagenome_mock_dna_R1.fastq.kaiju.ktxt	0.000040	5	191	Azospirillum
SRR11207337_metagenome_mock_dna_R1.fastq.kaiju.ktxt	0.000040	5	963	Herbaspirillum
SRR11207337_metagenome_mock_dna_R1.fastq.kaiju.ktxt	0.000040	5	2000	Streptosporangium
SRR11207337_metagenome_mock_dna_R1.fastq.kaiju.ktxt	0.000040	5	4783	Phytophthora
SRR11207337_metagenome_mock_dna_R1.fastq.kaiju.ktxt	0.000040	5	4828	Absidia
SRR11207337_metagenome_mock_dna_R1.fastq.kaiju.ktxt	0.000040	5	5782	Dictyostelium
SRR11207337_metagenome_mock_dna_R1.fastq.kaiju.ktxt	0.000040	5	5890	Tetrahymena
SRR11207337_metagenome_mock_dna_R1.fastq.kaiju.ktxt	0.000040	5	34348	Mixia
SRR11207337_metagenome_mock_dna_R1.fastq.kaiju.ktxt	0.000040	5	42255	Rubrobacter
SRR11207337_metagenome_mock_dna_R1.fastq.kaiju.ktxt	0.000040	5	63265	Sporisorium
SRR11207337_metagenome_mock_dna_R1.fastq.kaiju.ktxt	0.000040	5	65047	Mitsuaria
SRR11207337_metagenome_mock_dna_R1.fastq.kaiju.ktxt	0.000040	5	69961	Azomonas
SRR11207337_metagenome_mock_dna_R1.fastq.kaiju.ktxt	0.000040	5	77043	Rosellinia
SRR11207337_metagenome_mock_dna_R1.fastq.kaiju.ktxt	0.000040	5	77674	Paracraurococcus
SRR11207337_metagenome_mock_dna_R1.fastq.kaiju.ktxt	0.000040	5	92793	Aquabacterium
SRR11207337_metagenome_mock_dna_R1.fastq.kaiju.ktxt	0.000040	5	114154	Dichomitus
SRR11207337_metagenome_mock_dna_R1.fastq.kaiju.ktxt	0.000040	5	219181	Ottowia
SRR11207337_metagenome_mock_dna_R1.fastq.kaiju.ktxt	0.000040	5	227864	Cerasibacillus
SRR11207337_metagenome_mock_dna_R1.fastq.kaiju.ktxt	0.000040	5	227979	Jeotgalicoccus
SRR11207337_metagenome_mock_dna_R1.fastq.kaiju.ktxt	0.000040	5	242605	Luteibacter
SRR11207337_metagenome_mock_dna_R1.fastq.kaiju.ktxt	0.000040	5	392733	Terriglobus
SRR11207337_metagenome_mock_dna_R1.fastq.kaiju.ktxt	0.000040	5	459532	Terribacillus
SRR11207337_metagenome_mock_dna_R1.fastq.kaiju.ktxt	0.000040	5	651660	Paenisporosarcina
SRR11207337_metagenome_mock_dna_R1.fastq.kaiju.ktxt	0.000040	5	1351751	Parastagonospora
SRR11207337_metagenome_mock_dna_R1.fastq.kaiju.ktxt	0.000040	5	1565532	Rouxiella
SRR11207337_metagenome_mock_dna_R1.fastq.kaiju.ktxt	0.000040	5	1927833	Candidatus Fukatsuia
SRR11207337_metagenome_mock_dna_R1.fastq.kaiju.ktxt	0.000032	4	357	Agrobacterium
SRR11207337_metagenome_mock_dna_R1.fastq.kaiju.ktxt	0.000032	4	702	Plesiomonas
SRR11207337_metagenome_mock_dna_R1.fastq.kaiju.ktxt	0.000032	4	1647	Erysipelothrix
SRR11207337_metagenome_mock_dna_R1.fastq.kaiju.ktxt	0.000032	4	2784	Porphyra
SRR11207337_metagenome_mock_dna_R1.fastq.kaiju.ktxt	0.000032	4	5583	Exophiala
SRR11207337_metagenome_mock_dna_R1.fastq.kaiju.ktxt	0.000032	4	5658	Leishmania
SRR11207337_metagenome_mock_dna_R1.fastq.kaiju.ktxt	0.000032	4	12960	Azoarcus
SRR11207337_metagenome_mock_dna_R1.fastq.kaiju.ktxt	0.000032	4	33969	Melissococcus
SRR11207337_metagenome_mock_dna_R1.fastq.kaiju.ktxt	0.000032	4	33986	Exiguobacterium
SRR11207337_metagenome_mock_dna_R1.fastq.kaiju.ktxt	0.000032	4	38452	Rutstroemia
SRR11207337_metagenome_mock_dna_R1.fastq.kaiju.ktxt	0.000032	4	40436	Daedalea
SRR11207337_metagenome_mock_dna_R1.fastq.kaiju.ktxt	0.000032	4	45234	Cordyceps
SRR11207337_metagenome_mock_dna_R1.fastq.kaiju.ktxt	0.000032	4	47251	Leptolyngbya
SRR11207337_metagenome_mock_dna_R1.fastq.kaiju.ktxt	0.000032	4	58113	Glycomyces
SRR11207337_metagenome_mock_dna_R1.fastq.kaiju.ktxt	0.000032	4	61434	Dehalococcoides
SRR11207337_metagenome_mock_dna_R1.fastq.kaiju.ktxt	0.000032	4	70411	Frateuria
SRR11207337_metagenome_mock_dna_R1.fastq.kaiju.ktxt	0.000032	4	75309	Rhodanobacter
SRR11207337_metagenome_mock_dna_R1.fastq.kaiju.ktxt	0.000032	4	82978	Budvicia
SRR11207337_metagenome_mock_dna_R1.fastq.kaiju.ktxt	0.000032	4	111142	Alishewanella
SRR11207337_metagenome_mock_dna_R1.fastq.kaiju.ktxt	0.000032	4	133193	Alkalilimnicola
SRR11207337_metagenome_mock_dna_R1.fastq.kaiju.ktxt	0.000032	4	157226	Jeotgalibacillus
SRR11207337_metagenome_mock_dna_R1.fastq.kaiju.ktxt	0.000032	4	188143	Enterovibrio
SRR11207337_metagenome_mock_dna_R1.fastq.kaiju.ktxt	0.000032	4	215802	Enhygromyxa
SRR11207337_metagenome_mock_dna_R1.fastq.kaiju.ktxt	0.000032	4	231454	Dyella
SRR11207337_metagenome_mock_dna_R1.fastq.kaiju.ktxt	0.000032	4	416916	Aggregatibacter
SRR11207337_metagenome_mock_dna_R1.fastq.kaiju.ktxt	0.000032	4	474995	Ophiocordyceps
SRR11207337_metagenome_mock_dna_R1.fastq.kaiju.ktxt	0.000032	4	572511	Blautia
SRR11207337_metagenome_mock_dna_R1.fastq.kaiju.ktxt	0.000032	4	767528	Geomicrobium
SRR11207337_metagenome_mock_dna_R1.fastq.kaiju.ktxt	0.000032	4	990721	Christensenella
SRR11207337_metagenome_mock_dna_R1.fastq.kaiju.ktxt	0.000032	4	1535326	Candida
SRR11207337_metagenome_mock_dna_R1.fastq.kaiju.ktxt	0.000032	4	1745211	Chania
SRR11207337_metagenome_mock_dna_R1.fastq.kaiju.ktxt	0.000032	4	1929940	Viridothelium
SRR11207337_metagenome_mock_dna_R1.fastq.kaiju.ktxt	0.000032	4	2052799	Jimgerdemannia
SRR11207337_metagenome_mock_dna_R1.fastq.kaiju.ktxt	0.000024	3	32	Myxococcus
SRR11207337_metagenome_mock_dna_R1.fastq.kaiju.ktxt	0.000024	3	85	Hyphomonas
SRR11207337_metagenome_mock_dna_R1.fastq.kaiju.ktxt	0.000024	3	226	Alteromonas
SRR11207337_metagenome_mock_dna_R1.fastq.kaiju.ktxt	0.000024	3	1754	Thermoanaerobacter
SRR11207337_metagenome_mock_dna_R1.fastq.kaiju.ktxt	0.000024	3	1835	Saccharopolyspora
SRR11207337_metagenome_mock_dna_R1.fastq.kaiju.ktxt	0.000024	3	3052	Chlamydomonas
SRR11207337_metagenome_mock_dna_R1.fastq.kaiju.ktxt	0.000024	3	4780	Plasmopara
SRR11207337_metagenome_mock_dna_R1.fastq.kaiju.ktxt	0.000024	3	4867	Linderina
SRR11207337_metagenome_mock_dna_R1.fastq.kaiju.ktxt	0.000024	3	5149	Chaetomium
SRR11207337_metagenome_mock_dna_R1.fastq.kaiju.ktxt	0.000024	3	5706	Phytomonas
SRR11207337_metagenome_mock_dna_R1.fastq.kaiju.ktxt	0.000024	3	5723	Tritrichomonas
SRR11207337_metagenome_mock_dna_R1.fastq.kaiju.ktxt	0.000024	3	5931	Ichthyophthirius
SRR11207337_metagenome_mock_dna_R1.fastq.kaiju.ktxt	0.000024	3	5948	Stylonychia
SRR11207337_metagenome_mock_dna_R1.fastq.kaiju.ktxt	0.000024	3	33877	Agromyces
SRR11207337_metagenome_mock_dna_R1.fastq.kaiju.ktxt	0.000024	3	33981	Kineococcus
SRR11207337_metagenome_mock_dna_R1.fastq.kaiju.ktxt	0.000024	3	34474	Fomitopsis
SRR11207337_metagenome_mock_dna_R1.fastq.kaiju.ktxt	0.000024	3	36910	Clavispora
SRR11207337_metagenome_mock_dna_R1.fastq.kaiju.ktxt	0.000024	3	39773	Methylomicrobium
SRR11207337_metagenome_mock_dna_R1.fastq.kaiju.ktxt	0.000024	3	40459	Hericium
SRR11207337_metagenome_mock_dna_R1.fastq.kaiju.ktxt	0.000024	3	41949	Candidatus Microthrix
SRR11207337_metagenome_mock_dna_R1.fastq.kaiju.ktxt	0.000024	3	41953	Pseudo-nitzschia
SRR11207337_metagenome_mock_dna_R1.fastq.kaiju.ktxt	0.000024	3	42367	Hirsutella
SRR11207337_metagenome_mock_dna_R1.fastq.kaiju.ktxt	0.000024	3	44639	Choiromyces
SRR11207337_metagenome_mock_dna_R1.fastq.kaiju.ktxt	0.000024	3	45669	Salinicoccus
SRR11207337_metagenome_mock_dna_R1.fastq.kaiju.ktxt	0.000024	3	47424	Armillaria
SRR11207337_metagenome_mock_dna_R1.fastq.kaiju.ktxt	0.000024	3	55968	Leucobacter
SRR11207337_metagenome_mock_dna_R1.fastq.kaiju.ktxt	0.000024	3	57665	Sulfurospirillum
SRR11207337_metagenome_mock_dna_R1.fastq.kaiju.ktxt	0.000024	3	66735	Diplodia
SRR11207337_metagenome_mock_dna_R1.fastq.kaiju.ktxt	0.000024	3	68034	Sporotomaculum
SRR11207337_metagenome_mock_dna_R1.fastq.kaiju.ktxt	0.000024	3	78156	Pseudogymnoascus
SRR11207337_metagenome_mock_dna_R1.fastq.kaiju.ktxt	0.000024	3	81041	Antrodiella
SRR11207337_metagenome_mock_dna_R1.fastq.kaiju.ktxt	0.000024	3	82984	Pragia
SRR11207337_metagenome_mock_dna_R1.fastq.kaiju.ktxt	0.000024	3	84111	Eggerthella
SRR11207337_metagenome_mock_dna_R1.fastq.kaiju.ktxt	0.000024	3	84567	Pedobacter
SRR11207337_metagenome_mock_dna_R1.fastq.kaiju.ktxt	0.000024	3	86085	Gymnopilus
SRR11207337_metagenome_mock_dna_R1.fastq.kaiju.ktxt	0.000024	3	113604	Tetrapisispora
SRR11207337_metagenome_mock_dna_R1.fastq.kaiju.ktxt	0.000024	3	117156	Actinopolymorpha
SRR11207337_metagenome_mock_dna_R1.fastq.kaiju.ktxt	0.000024	3	125216	Roseomonas
SRR11207337_metagenome_mock_dna_R1.fastq.kaiju.ktxt	0.000024	3	133407	Acytostelium
SRR11207337_metagenome_mock_dna_R1.fastq.kaiju.ktxt	0.000024	3	136491	Atopobacter
SRR11207337_metagenome_mock_dna_R1.fastq.kaiju.ktxt	0.000024	3	148959	Wallemia
SRR11207337_metagenome_mock_dna_R1.fastq.kaiju.ktxt	0.000024	3	154746	Dentipellis
SRR11207337_metagenome_mock_dna_R1.fastq.kaiju.ktxt	0.000024	3	158481	Hahella
SRR11207337_metagenome_mock_dna_R1.fastq.kaiju.ktxt	0.000024	3	174951	Ramlibacter
SRR11207337_metagenome_mock_dna_R1.fastq.kaiju.ktxt	0.000024	3	175304	Lentibacillus
SRR11207337_metagenome_mock_dna_R1.fastq.kaiju.ktxt	0.000024	3	182639	Kribbella
SRR11207337_metagenome_mock_dna_R1.fastq.kaiju.ktxt	0.000024	3	191769	Marinilactibacillus
SRR11207337_metagenome_mock_dna_R1.fastq.kaiju.ktxt	0.000024	3	242060	Cystoisospora
SRR11207337_metagenome_mock_dna_R1.fastq.kaiju.ktxt	0.000024	3	244364	Methylohalobius
SRR11207337_metagenome_mock_dna_R1.fastq.kaiju.ktxt	0.000024	3	289201	Pontibacillus
SRR11207337_metagenome_mock_dna_R1.fastq.kaiju.ktxt	0.000024	3	300275	Lachancea
SRR11207337_metagenome_mock_dna_R1.fastq.kaiju.ktxt	0.000024	3	302485	Phaeobacter
SRR11207337_metagenome_mock_dna_R1.fastq.kaiju.ktxt	0.000024	3	327159	Candidatus Accumulibacter
SRR11207337_metagenome_mock_dna_R1.fastq.kaiju.ktxt	0.000024	3	331654	Alkalibacillus
SRR11207337_metagenome_mock_dna_R1.fastq.kaiju.ktxt	0.000024	3	335058	Pelomonas
SRR11207337_metagenome_mock_dna_R1.fastq.kaiju.ktxt	0.000024	3	336830	Arsukibacterium
SRR11207337_metagenome_mock_dna_R1.fastq.kaiju.ktxt	0.000024	3	359336	Castellaniella
SRR11207337_metagenome_mock_dna_R1.fastq.kaiju.ktxt	0.000024	3	367298	Phycicoccus
SRR11207337_metagenome_mock_dna_R1.fastq.kaiju.ktxt	0.000024	3	374469	Vanderwaltozyma
SRR11207337_metagenome_mock_dna_R1.fastq.kaiju.ktxt	0.000024	3	413435	Solimonas
SRR11207337_metagenome_mock_dna_R1.fastq.kaiju.ktxt	0.000024	3	427077	Salsuginibacillus
SRR11207337_metagenome_mock_dna_R1.fastq.kaiju.ktxt	0.000024	3	456492	Saccharibacillus
SRR11207337_metagenome_mock_dna_R1.fastq.kaiju.ktxt	0.000024	3	559173	Fructobacillus
SRR11207337_metagenome_mock_dna_R1.fastq.kaiju.ktxt	0.000024	3	568987	Candidatus Hamiltonella
SRR11207337_metagenome_mock_dna_R1.fastq.kaiju.ktxt	0.000024	3	568988	Candidatus Regiella
SRR11207337_metagenome_mock_dna_R1.fastq.kaiju.ktxt	0.000024	3	766748	Babjeviella
SRR11207337_metagenome_mock_dna_R1.fastq.kaiju.ktxt	0.000024	3	797121	Kipferlia
SRR11207337_metagenome_mock_dna_R1.fastq.kaiju.ktxt	0.000024	3	929812	Gibbsiella
SRR11207337_metagenome_mock_dna_R1.fastq.kaiju.ktxt	0.000024	3	1231656	Clohesyomyces
SRR11207337_metagenome_mock_dna_R1.fastq.kaiju.ktxt	0.000024	3	1344552	Noviherbaspirillum
SRR11207337_metagenome_mock_dna_R1.fastq.kaiju.ktxt	0.000024	3	1400859	Candidatus Contendobacter
SRR11207337_metagenome_mock_dna_R1.fastq.kaiju.ktxt	0.000024	3	1470540	Jeotgalibaca
SRR11207337_metagenome_mock_dna_R1.fastq.kaiju.ktxt	0.000024	3	1505663	Erysipelatoclostridium
SRR11207337_metagenome_mock_dna_R1.fastq.kaiju.ktxt	0.000024	3	1609627	Hydrogenibacillus
SRR11207337_metagenome_mock_dna_R1.fastq.kaiju.ktxt	0.000024	3	1659840	Sanghuangporus
SRR11207337_metagenome_mock_dna_R1.fastq.kaiju.ktxt	0.000024	3	1775697	Melghiribacillus
SRR11207337_metagenome_mock_dna_R1.fastq.kaiju.ktxt	0.000024	3	1827307	Ventosimonas
SRR11207337_metagenome_mock_dna_R1.fastq.kaiju.ktxt	0.000024	3	1851509	Naganishia
SRR11207337_metagenome_mock_dna_R1.fastq.kaiju.ktxt	0.000024	3	1906657	Candidatus Doolittlea
SRR11207337_metagenome_mock_dna_R1.fastq.kaiju.ktxt	0.000024	3	1906661	Candidatus Gullanella
SRR11207337_metagenome_mock_dna_R1.fastq.kaiju.ktxt	0.000024	3	1960084	Rodentibacter
SRR11207337_metagenome_mock_dna_R1.fastq.kaiju.ktxt	0.000024	3	2004661	Hyphobacterium
SRR11207337_metagenome_mock_dna_R1.fastq.kaiju.ktxt	0.000024	3	2172823	Sansalvadorimonas
SRR11207337_metagenome_mock_dna_R1.fastq.kaiju.ktxt	0.000024	3	2676252	Alginatibacterium
SRR11207337_metagenome_mock_dna_R1.fastq.kaiju.ktxt	0.000024	3	2680019	Alkalilacustris
SRR11207337_metagenome_mock_dna_R1.fastq.kaiju.ktxt	0.000016	2	20	Phenylobacterium
SRR11207337_metagenome_mock_dna_R1.fastq.kaiju.ktxt	0.000016	2	113	Gemmata
SRR11207337_metagenome_mock_dna_R1.fastq.kaiju.ktxt	0.000016	2	349	Zoogloea
SRR11207337_metagenome_mock_dna_R1.fastq.kaiju.ktxt	0.000016	2	745	Pasteurella
SRR11207337_metagenome_mock_dna_R1.fastq.kaiju.ktxt	0.000016	2	776	Coxiella
SRR11207337_metagenome_mock_dna_R1.fastq.kaiju.ktxt	0.000016	2	830	Butyrivibrio
SRR11207337_metagenome_mock_dna_R1.fastq.kaiju.ktxt	0.000016	2	893	Desulfobulbus
SRR11207337_metagenome_mock_dna_R1.fastq.kaiju.ktxt	0.000016	2	1091	Chlorobium
SRR11207337_metagenome_mock_dna_R1.fastq.kaiju.ktxt	0.000016	2	1125	Microcystis
SRR11207337_metagenome_mock_dna_R1.fastq.kaiju.ktxt	0.000016	2	1186	Calothrix
SRR11207337_metagenome_mock_dna_R1.fastq.kaiju.ktxt	0.000016	2	1269	Micrococcus
SRR11207337_metagenome_mock_dna_R1.fastq.kaiju.ktxt	0.000016	2	1298	Deinococcus
SRR11207337_metagenome_mock_dna_R1.fastq.kaiju.ktxt	0.000016	2	2013	Nocardiopsis
SRR11207337_metagenome_mock_dna_R1.fastq.kaiju.ktxt	0.000016	2	2251	Haloferax
SRR11207337_metagenome_mock_dna_R1.fastq.kaiju.ktxt	0.000016	2	2260	Pyrococcus
SRR11207337_metagenome_mock_dna_R1.fastq.kaiju.ktxt	0.000016	2	2370	Xylella
SRR11207337_metagenome_mock_dna_R1.fastq.kaiju.ktxt	0.000016	2	2422	Fervidobacterium
SRR11207337_metagenome_mock_dna_R1.fastq.kaiju.ktxt	0.000016	2	4797	Pythium
SRR11207337_metagenome_mock_dna_R1.fastq.kaiju.ktxt	0.000016	2	4836	Phycomyces
SRR11207337_metagenome_mock_dna_R1.fastq.kaiju.ktxt	0.000016	2	5001	Sporidiobolus
SRR11207337_metagenome_mock_dna_R1.fastq.kaiju.ktxt	0.000016	2	5269	Ustilago
SRR11207337_metagenome_mock_dna_R1.fastq.kaiju.ktxt	0.000016	2	5277	Leucosporidium
SRR11207337_metagenome_mock_dna_R1.fastq.kaiju.ktxt	0.000016	2	5962	Stentor
SRR11207337_metagenome_mock_dna_R1.fastq.kaiju.ktxt	0.000016	2	27308	Ascoidea
SRR11207337_metagenome_mock_dna_R1.fastq.kaiju.ktxt	0.000016	2	28194	Thermonema
SRR11207337_metagenome_mock_dna_R1.fastq.kaiju.ktxt	0.000016	2	28581	Allomyces
SRR11207337_metagenome_mock_dna_R1.fastq.kaiju.ktxt	0.000016	2	29331	Amphibacillus
SRR11207337_metagenome_mock_dna_R1.fastq.kaiju.ktxt	0.000016	2	29580	Janthinobacterium
SRR11207337_metagenome_mock_dna_R1.fastq.kaiju.ktxt	0.000016	2	29882	Laccaria
SRR11207337_metagenome_mock_dna_R1.fastq.kaiju.ktxt	0.000016	2	29909	Tolypocladium
SRR11207337_metagenome_mock_dna_R1.fastq.kaiju.ktxt	0.000016	2	32012	Thiomonas
SRR11207337_metagenome_mock_dna_R1.fastq.kaiju.ktxt	0.000016	2	32207	Rothia
SRR11207337_metagenome_mock_dna_R1.fastq.kaiju.ktxt	0.000016	2	33042	Coprococcus
SRR11207337_metagenome_mock_dna_R1.fastq.kaiju.ktxt	0.000016	2	33073	Zymobacter
SRR11207337_metagenome_mock_dna_R1.fastq.kaiju.ktxt	0.000016	2	33096	Gonium
SRR11207337_metagenome_mock_dna_R1.fastq.kaiju.ktxt	0.000016	2	34067	Cycloclasticus
SRR11207337_metagenome_mock_dna_R1.fastq.kaiju.ktxt	0.000016	2	34416	Microbotryum
SRR11207337_metagenome_mock_dna_R1.fastq.kaiju.ktxt	0.000016	2	35753	Dactylosporangium
SRR11207337_metagenome_mock_dna_R1.fastq.kaiju.ktxt	0.000016	2	36862	Ideonella
SRR11207337_metagenome_mock_dna_R1.fastq.kaiju.ktxt	0.000016	2	37467	Pisolithus
SRR11207337_metagenome_mock_dna_R1.fastq.kaiju.ktxt	0.000016	2	38447	Monilinia
SRR11207337_metagenome_mock_dna_R1.fastq.kaiju.ktxt	0.000016	2	40421	Bondarzewia
SRR11207337_metagenome_mock_dna_R1.fastq.kaiju.ktxt	0.000016	2	40443	Gloeophyllum
SRR11207337_metagenome_mock_dna_R1.fastq.kaiju.ktxt	0.000016	2	40456	Fistulina
SRR11207337_metagenome_mock_dna_R1.fastq.kaiju.ktxt	0.000016	2	41247	Mycena
SRR11207337_metagenome_mock_dna_R1.fastq.kaiju.ktxt	0.000016	2	43356	Kutzneria
SRR11207337_metagenome_mock_dna_R1.fastq.kaiju.ktxt	0.000016	2	43994	Johnsonella
SRR11207337_metagenome_mock_dna_R1.fastq.kaiju.ktxt	0.000016	2	46432	Reticulomyxa
SRR11207337_metagenome_mock_dna_R1.fastq.kaiju.ktxt	0.000016	2	47830	Lachnellula
SRR11207337_metagenome_mock_dna_R1.fastq.kaiju.ktxt	0.000016	2	51366	Salinivibrio
SRR11207337_metagenome_mock_dna_R1.fastq.kaiju.ktxt	0.000016	2	52972	Polaromonas
SRR11207337_metagenome_mock_dna_R1.fastq.kaiju.ktxt	0.000016	2	57479	Microvirgula
SRR11207337_metagenome_mock_dna_R1.fastq.kaiju.ktxt	0.000016	2	57495	Dermacoccus
SRR11207337_metagenome_mock_dna_R1.fastq.kaiju.ktxt	0.000016	2	63261	Moesziomyces
SRR11207337_metagenome_mock_dna_R1.fastq.kaiju.ktxt	0.000016	2	64968	Marinospirillum
SRR11207337_metagenome_mock_dna_R1.fastq.kaiju.ktxt	0.000016	2	65502	Cryptosporangium
SRR11207337_metagenome_mock_dna_R1.fastq.kaiju.ktxt	0.000016	2	66862	Ammoniphilus
SRR11207337_metagenome_mock_dna_R1.fastq.kaiju.ktxt	0.000016	2	68787	Scleroderma
SRR11207337_metagenome_mock_dna_R1.fastq.kaiju.ktxt	0.000016	2	69894	Tindallia
SRR11207337_metagenome_mock_dna_R1.fastq.kaiju.ktxt	0.000016	2	70994	Lewinella
SRR11207337_metagenome_mock_dna_R1.fastq.kaiju.ktxt	0.000016	2	75687	Neptunomonas
SRR11207337_metagenome_mock_dna_R1.fastq.kaiju.ktxt	0.000016	2	79328	Chitinophaga
SRR11207337_metagenome_mock_dna_R1.fastq.kaiju.ktxt	0.000016	2	82982	Obesumbacterium
SRR11207337_metagenome_mock_dna_R1.fastq.kaiju.ktxt	0.000016	2	83174	Valsa
SRR11207337_metagenome_mock_dna_R1.fastq.kaiju.ktxt	0.000016	2	83235	Postia
SRR11207337_metagenome_mock_dna_R1.fastq.kaiju.ktxt	0.000016	2	83461	Corallococcus
SRR11207337_metagenome_mock_dna_R1.fastq.kaiju.ktxt	0.000016	2	90243	Oligella
SRR11207337_metagenome_mock_dna_R1.fastq.kaiju.ktxt	0.000016	2	93681	Roseateles
SRR11207337_metagenome_mock_dna_R1.fastq.kaiju.ktxt	0.000016	2	99593	Thermohalobacter
SRR11207337_metagenome_mock_dna_R1.fastq.kaiju.ktxt	0.000016	2	105135	Anaeromyces
SRR11207337_metagenome_mock_dna_R1.fastq.kaiju.ktxt	0.000016	2	109882	Chytriomyces
SRR11207337_metagenome_mock_dna_R1.fastq.kaiju.ktxt	0.000016	2	117563	Granulicatella
SRR11207337_metagenome_mock_dna_R1.fastq.kaiju.ktxt	0.000016	2	133269	Hydrogenothermus
SRR11207337_metagenome_mock_dna_R1.fastq.kaiju.ktxt	0.000016	2	141450	Oleiphilus
SRR11207337_metagenome_mock_dna_R1.fastq.kaiju.ktxt	0.000016	2	142587	Isobaculum
SRR11207337_metagenome_mock_dna_R1.fastq.kaiju.ktxt	0.000016	2	155493	Gallibacterium
SRR11207337_metagenome_mock_dna_R1.fastq.kaiju.ktxt	0.000016	2	157920	Cellulosimicrobium
SRR11207337_metagenome_mock_dna_R1.fastq.kaiju.ktxt	0.000016	2	161492	Anaeromyxobacter
SRR11207337_metagenome_mock_dna_R1.fastq.kaiju.ktxt	0.000016	2	165301	Lentzea
SRR11207337_metagenome_mock_dna_R1.fastq.kaiju.ktxt	0.000016	2	180541	Salinisphaera
SRR11207337_metagenome_mock_dna_R1.fastq.kaiju.ktxt	0.000016	2	184431	Coprinopsis
SRR11207337_metagenome_mock_dna_R1.fastq.kaiju.ktxt	0.000016	2	202771	Zooshikella
SRR11207337_metagenome_mock_dna_R1.fastq.kaiju.ktxt	0.000016	2	202907	Collimonas
SRR11207337_metagenome_mock_dna_R1.fastq.kaiju.ktxt	0.000016	2	204286	Cobetia
SRR11207337_metagenome_mock_dna_R1.fastq.kaiju.ktxt	0.000016	2	210429	Setomelanomma
SRR11207337_metagenome_mock_dna_R1.fastq.kaiju.ktxt	0.000016	2	218112	Phellinidium
SRR11207337_metagenome_mock_dna_R1.fastq.kaiju.ktxt	0.000016	2	221102	Moniliophthora
SRR11207337_metagenome_mock_dna_R1.fastq.kaiju.ktxt	0.000016	2	231683	Saccharospirillum
SRR11207337_metagenome_mock_dna_R1.fastq.kaiju.ktxt	0.000016	2	237584	Teratosphaeria
SRR11207337_metagenome_mock_dna_R1.fastq.kaiju.ktxt	0.000016	2	246263	Hydrogenivirga
SRR11207337_metagenome_mock_dna_R1.fastq.kaiju.ktxt	0.000016	2	252306	Robiginitalea
SRR11207337_metagenome_mock_dna_R1.fastq.kaiju.ktxt	0.000016	2	254250	Isoptericola
SRR11207337_metagenome_mock_dna_R1.fastq.kaiju.ktxt	0.000016	2	256846	Lentisphaera
SRR11207337_metagenome_mock_dna_R1.fastq.kaiju.ktxt	0.000016	2	292636	Thermoflavimicrobium
SRR11207337_metagenome_mock_dna_R1.fastq.kaiju.ktxt	0.000016	2	294702	Proteiniphilum
SRR11207337_metagenome_mock_dna_R1.fastq.kaiju.ktxt	0.000016	2	308865	Elizabethkingia
SRR11207337_metagenome_mock_dna_R1.fastq.kaiju.ktxt	0.000016	2	311411	Pseudoruegeria
SRR11207337_metagenome_mock_dna_R1.fastq.kaiju.ktxt	0.000016	2	312063	Azohydromonas
SRR11207337_metagenome_mock_dna_R1.fastq.kaiju.ktxt	0.000016	2	314126	Drechslerella
SRR11207337_metagenome_mock_dna_R1.fastq.kaiju.ktxt	0.000016	2	337670	Pilibacter
SRR11207337_metagenome_mock_dna_R1.fastq.kaiju.ktxt	0.000016	2	340096	Tuberibacillus
SRR11207337_metagenome_mock_dna_R1.fastq.kaiju.ktxt	0.000016	2	347533	Zobellella
SRR11207337_metagenome_mock_dna_R1.fastq.kaiju.ktxt	0.000016	2	349742	Sedimenticola
SRR11207337_metagenome_mock_dna_R1.fastq.kaiju.ktxt	0.000016	2	351195	Salimicrobium
SRR11207337_metagenome_mock_dna_R1.fastq.kaiju.ktxt	0.000016	2	359337	Marinimicrobium
SRR11207337_metagenome_mock_dna_R1.fastq.kaiju.ktxt	0.000016	2	361177	Altererythrobacter
SRR11207337_metagenome_mock_dna_R1.fastq.kaiju.ktxt	0.000016	2	371108	Saccharata
SRR11207337_metagenome_mock_dna_R1.fastq.kaiju.ktxt	0.000016	2	375928	Natranaerobius
SRR11207337_metagenome_mock_dna_R1.fastq.kaiju.ktxt	0.000016	2	392735	Uliginosibacterium
SRR11207337_metagenome_mock_dna_R1.fastq.kaiju.ktxt	0.000016	2	395331	Methanoregula
SRR11207337_metagenome_mock_dna_R1.fastq.kaiju.ktxt	0.000016	2	401469	Undibacterium
SRR11207337_metagenome_mock_dna_R1.fastq.kaiju.ktxt	0.000016	2	433923	Pseudacidovorax
SRR11207337_metagenome_mock_dna_R1.fastq.kaiju.ktxt	0.000016	2	454159	Kiloniella
SRR11207337_metagenome_mock_dna_R1.fastq.kaiju.ktxt	0.000016	2	457933	Elioraea
SRR11207337_metagenome_mock_dna_R1.fastq.kaiju.ktxt	0.000016	2	561967	Lepidopterella
SRR11207337_metagenome_mock_dna_R1.fastq.kaiju.ktxt	0.000016	2	633405	Lacticigenium
SRR11207337_metagenome_mock_dna_R1.fastq.kaiju.ktxt	0.000016	2	648800	Solibacillus
SRR11207337_metagenome_mock_dna_R1.fastq.kaiju.ktxt	0.000016	2	648802	Rummeliibacillus
SRR11207337_metagenome_mock_dna_R1.fastq.kaiju.ktxt	0.000016	2	650341	Leeia
SRR11207337_metagenome_mock_dna_R1.fastq.kaiju.ktxt	0.000016	2	653686	Wenxinia
SRR11207337_metagenome_mock_dna_R1.fastq.kaiju.ktxt	0.000016	2	690893	Amniculicola
SRR11207337_metagenome_mock_dna_R1.fastq.kaiju.ktxt	0.000016	2	909928	Negativicoccus
SRR11207337_metagenome_mock_dna_R1.fastq.kaiju.ktxt	0.000016	2	1008195	Halopelagius
SRR11207337_metagenome_mock_dna_R1.fastq.kaiju.ktxt	0.000016	2	1052105	Purpureocillium
SRR11207337_metagenome_mock_dna_R1.fastq.kaiju.ktxt	0.000016	2	1213188	Zancudomyces
SRR11207337_metagenome_mock_dna_R1.fastq.kaiju.ktxt	0.000016	2	1213737	Schizopora
SRR11207337_metagenome_mock_dna_R1.fastq.kaiju.ktxt	0.000016	2	1217416	Halioglobus
SRR11207337_metagenome_mock_dna_R1.fastq.kaiju.ktxt	0.000016	2	1229970	Glaciimonas
SRR11207337_metagenome_mock_dna_R1.fastq.kaiju.ktxt	0.000016	2	1249554	Aliidiomarina
SRR11207337_metagenome_mock_dna_R1.fastq.kaiju.ktxt	0.000016	2	1263978	Candidatus Endolissoclinum
SRR11207337_metagenome_mock_dna_R1.fastq.kaiju.ktxt	0.000016	2	1270155	Falsibacillus
SRR11207337_metagenome_mock_dna_R1.fastq.kaiju.ktxt	0.000016	2	1274363	Polycyclovorans
SRR11207337_metagenome_mock_dna_R1.fastq.kaiju.ktxt	0.000016	2	1297562	Phaseolibacter
SRR11207337_metagenome_mock_dna_R1.fastq.kaiju.ktxt	0.000016	2	1335745	Spiribacter
SRR11207337_metagenome_mock_dna_R1.fastq.kaiju.ktxt	0.000016	2	1356488	Rosenbergiella
SRR11207337_metagenome_mock_dna_R1.fastq.kaiju.ktxt	0.000016	2	1384499	Pisciglobus
SRR11207337_metagenome_mock_dna_R1.fastq.kaiju.ktxt	0.000016	2	1400062	Tranquillimonas
SRR11207337_metagenome_mock_dna_R1.fastq.kaiju.ktxt	0.000016	2	1400827	Plasticicumulans
SRR11207337_metagenome_mock_dna_R1.fastq.kaiju.ktxt	0.000016	2	1432051	Eisenbergiella
SRR11207337_metagenome_mock_dna_R1.fastq.kaiju.ktxt	0.000016	2	1434025	Neiella
SRR11207337_metagenome_mock_dna_R1.fastq.kaiju.ktxt	0.000016	2	1434050	Zhongshania
SRR11207337_metagenome_mock_dna_R1.fastq.kaiju.ktxt	0.000016	2	1655429	Savagea
SRR11207337_metagenome_mock_dna_R1.fastq.kaiju.ktxt	0.000016	2	1742992	Paenarthrobacter
SRR11207337_metagenome_mock_dna_R1.fastq.kaiju.ktxt	0.000016	2	1751872	Lacimicrobium
SRR11207337_metagenome_mock_dna_R1.fastq.kaiju.ktxt	0.000016	2	1849530	Oblitimonas
SRR11207337_metagenome_mock_dna_R1.fastq.kaiju.ktxt	0.000016	2	1859128	Candidatus Electrothrix
SRR11207337_metagenome_mock_dna_R1.fastq.kaiju.ktxt	0.000016	2	1964366	Nissabacter
SRR11207337_metagenome_mock_dna_R1.fastq.kaiju.ktxt	0.000016	2	2014233	Thaumasiovibrio
SRR11207337_metagenome_mock_dna_R1.fastq.kaiju.ktxt	0.000016	2	2051044	Tuwongella
SRR11207337_metagenome_mock_dna_R1.fastq.kaiju.ktxt	0.000016	2	2212691	Thiolinea
SRR11207337_metagenome_mock_dna_R1.fastq.kaiju.ktxt	0.000016	2	2233801	Ahniella
SRR11207337_metagenome_mock_dna_R1.fastq.kaiju.ktxt	0.000016	2	2678248	Edaphovirga
SRR11207337_metagenome_mock_dna_R1.fastq.kaiju.ktxt	0.000016	2	2707015	Amnimonas
SRR11207337_metagenome_mock_dna_R1.fastq.kaiju.ktxt	0.000016	2	2709666	Pseudolysobacter
SRR11207337_metagenome_mock_dna_R1.fastq.kaiju.ktxt	0.000016	2	2716544	Chimaeribacter
SRR11207337_metagenome_mock_dna_R1.fastq.kaiju.ktxt	0.000008	1	6	Azorhizobium
SRR11207337_metagenome_mock_dna_R1.fastq.kaiju.ktxt	0.000008	1	18	Pelobacter
SRR11207337_metagenome_mock_dna_R1.fastq.kaiju.ktxt	0.000008	1	50	Chondromyces
SRR11207337_metagenome_mock_dna_R1.fastq.kaiju.ktxt	0.000008	1	88	Leptothrix
SRR11207337_metagenome_mock_dna_R1.fastq.kaiju.ktxt	0.000008	1	93	Stella
SRR11207337_metagenome_mock_dna_R1.fastq.kaiju.ktxt	0.000008	1	99	Ancylobacter
SRR11207337_metagenome_mock_dna_R1.fastq.kaiju.ktxt	0.000008	1	118	Planctomyces
SRR11207337_metagenome_mock_dna_R1.fastq.kaiju.ktxt	0.000008	1	262	Francisella
SRR11207337_metagenome_mock_dna_R1.fastq.kaiju.ktxt	0.000008	1	404	Methylobacillus
SRR11207337_metagenome_mock_dna_R1.fastq.kaiju.ktxt	0.000008	1	413	Methylococcus
SRR11207337_metagenome_mock_dna_R1.fastq.kaiju.ktxt	0.000008	1	429	Methylobacter
SRR11207337_metagenome_mock_dna_R1.fastq.kaiju.ktxt	0.000008	1	461	Fluoribacter
SRR11207337_metagenome_mock_dna_R1.fastq.kaiju.ktxt	0.000008	1	497	Psychrobacter
SRR11207337_metagenome_mock_dna_R1.fastq.kaiju.ktxt	0.000008	1	538	Eikenella
SRR11207337_metagenome_mock_dna_R1.fastq.kaiju.ktxt	0.000008	1	841	Roseburia
SRR11207337_metagenome_mock_dna_R1.fastq.kaiju.ktxt	0.000008	1	869	Dichelobacter
SRR11207337_metagenome_mock_dna_R1.fastq.kaiju.ktxt	0.000008	1	890	Desulfuromonas
SRR11207337_metagenome_mock_dna_R1.fastq.kaiju.ktxt	0.000008	1	919	Thiobacillus
SRR11207337_metagenome_mock_dna_R1.fastq.kaiju.ktxt	0.000008	1	958	Bdellovibrio
SRR11207337_metagenome_mock_dna_R1.fastq.kaiju.ktxt	0.000008	1	1021	Beggiatoa
SRR11207337_metagenome_mock_dna_R1.fastq.kaiju.ktxt	0.000008	1	1030	Thiothrix
SRR11207337_metagenome_mock_dna_R1.fastq.kaiju.ktxt	0.000008	1	1041	Erythrobacter
SRR11207337_metagenome_mock_dna_R1.fastq.kaiju.ktxt	0.000008	1	1051	Ectothiorhodospira
SRR11207337_metagenome_mock_dna_R1.fastq.kaiju.ktxt	0.000008	1	1060	Rhodobacter
SRR11207337_metagenome_mock_dna_R1.fastq.kaiju.ktxt	0.000008	1	1064	Rhodocyclus
SRR11207337_metagenome_mock_dna_R1.fastq.kaiju.ktxt	0.000008	1	1073	Rhodopseudomonas
SRR11207337_metagenome_mock_dna_R1.fastq.kaiju.ktxt	0.000008	1	1081	Rhodospirillum
SRR11207337_metagenome_mock_dna_R1.fastq.kaiju.ktxt	0.000008	1	1152	Pseudanabaena
SRR11207337_metagenome_mock_dna_R1.fastq.kaiju.ktxt	0.000008	1	1175	Aphanizomenon
SRR11207337_metagenome_mock_dna_R1.fastq.kaiju.ktxt	0.000008	1	1203	Scytonema
SRR11207337_metagenome_mock_dna_R1.fastq.kaiju.ktxt	0.000008	1	1227	Nitrosococcus
SRR11207337_metagenome_mock_dna_R1.fastq.kaiju.ktxt	0.000008	1	1257	Peptostreptococcus
SRR11207337_metagenome_mock_dna_R1.fastq.kaiju.ktxt	0.000008	1	1562	Desulfotomaculum
SRR11207337_metagenome_mock_dna_R1.fastq.kaiju.ktxt	0.000008	1	1651	Alloiococcus
SRR11207337_metagenome_mock_dna_R1.fastq.kaiju.ktxt	0.000008	1	1851	Saccharomonospora
SRR11207337_metagenome_mock_dna_R1.fastq.kaiju.ktxt	0.000008	1	2005	Microbispora
SRR11207337_metagenome_mock_dna_R1.fastq.kaiju.ktxt	0.000008	1	2023	Thermoactinomyces
SRR11207337_metagenome_mock_dna_R1.fastq.kaiju.ktxt	0.000008	1	2029	Kibdelosporangium
SRR11207337_metagenome_mock_dna_R1.fastq.kaiju.ktxt	0.000008	1	2175	Methanohalophilus
SRR11207337_metagenome_mock_dna_R1.fastq.kaiju.ktxt	0.000008	1	2263	Thermococcus
SRR11207337_metagenome_mock_dna_R1.fastq.kaiju.ktxt	0.000008	1	2268	Thermofilum
SRR11207337_metagenome_mock_dna_R1.fastq.kaiju.ktxt	0.000008	1	2299	Desulfosarcina
SRR11207337_metagenome_mock_dna_R1.fastq.kaiju.ktxt	0.000008	1	2316	Methanosphaera
SRR11207337_metagenome_mock_dna_R1.fastq.kaiju.ktxt	0.000008	1	2383	Epulopiscium
SRR11207337_metagenome_mock_dna_R1.fastq.kaiju.ktxt	0.000008	1	2420	Thermosipho
SRR11207337_metagenome_mock_dna_R1.fastq.kaiju.ktxt	0.000008	1	2425	Teredinibacter
SRR11207337_metagenome_mock_dna_R1.fastq.kaiju.ktxt	0.000008	1	2701	Gardnerella
SRR11207337_metagenome_mock_dna_R1.fastq.kaiju.ktxt	0.000008	1	2717	Cardiobacterium
SRR11207337_metagenome_mock_dna_R1.fastq.kaiju.ktxt	0.000008	1	2733	Symbiobacterium
SRR11207337_metagenome_mock_dna_R1.fastq.kaiju.ktxt	0.000008	1	2781	Gracilariopsis
SRR11207337_metagenome_mock_dna_R1.fastq.kaiju.ktxt	0.000008	1	2879	Ectocarpus
SRR11207337_metagenome_mock_dna_R1.fastq.kaiju.ktxt	0.000008	1	4821	Piromyces
SRR11207337_metagenome_mock_dna_R1.fastq.kaiju.ktxt	0.000008	1	4855	Mortierella
SRR11207337_metagenome_mock_dna_R1.fastq.kaiju.ktxt	0.000008	1	4871	Endogone
SRR11207337_metagenome_mock_dna_R1.fastq.kaiju.ktxt	0.000008	1	5115	Cryphonectria
SRR11207337_metagenome_mock_dna_R1.fastq.kaiju.ktxt	0.000008	1	5121	Erysiphe
SRR11207337_metagenome_mock_dna_R1.fastq.kaiju.ktxt	0.000008	1	5159	Ophiostoma
SRR11207337_metagenome_mock_dna_R1.fastq.kaiju.ktxt	0.000008	1	5218	Exidia
SRR11207337_metagenome_mock_dna_R1.fastq.kaiju.ktxt	0.000008	1	5240	Tulasnella
SRR11207337_metagenome_mock_dna_R1.fastq.kaiju.ktxt	0.000008	1	5305	Phanerochaete
SRR11207337_metagenome_mock_dna_R1.fastq.kaiju.ktxt	0.000008	1	5352	Lentinula
SRR11207337_metagenome_mock_dna_R1.fastq.kaiju.ktxt	0.000008	1	5379	Suillus
SRR11207337_metagenome_mock_dna_R1.fastq.kaiju.ktxt	0.000008	1	5500	Coccidioides
SRR11207337_metagenome_mock_dna_R1.fastq.kaiju.ktxt	0.000008	1	5529	Metarhizium
SRR11207337_metagenome_mock_dna_R1.fastq.kaiju.ktxt	0.000008	1	5550	Trichophyton
SRR11207337_metagenome_mock_dna_R1.fastq.kaiju.ktxt	0.000008	1	5579	Aureobasidium
SRR11207337_metagenome_mock_dna_R1.fastq.kaiju.ktxt	0.000008	1	5644	Stereum
SRR11207337_metagenome_mock_dna_R1.fastq.kaiju.ktxt	0.000008	1	5740	Giardia
SRR11207337_metagenome_mock_dna_R1.fastq.kaiju.ktxt	0.000008	1	5754	Acanthamoeba
SRR11207337_metagenome_mock_dna_R1.fastq.kaiju.ktxt	0.000008	1	5806	Cryptosporidium
SRR11207337_metagenome_mock_dna_R1.fastq.kaiju.ktxt	0.000008	1	6033	Encephalitozoon
SRR11207337_metagenome_mock_dna_R1.fastq.kaiju.ktxt	0.000008	1	13334	Anaerobiospirillum
SRR11207337_metagenome_mock_dna_R1.fastq.kaiju.ktxt	0.000008	1	13366	Brettanomyces
SRR11207337_metagenome_mock_dna_R1.fastq.kaiju.ktxt	0.000008	1	13641	Polysphondylium
SRR11207337_metagenome_mock_dna_R1.fastq.kaiju.ktxt	0.000008	1	27320	Metschnikowia
SRR11207337_metagenome_mock_dna_R1.fastq.kaiju.ktxt	0.000008	1	28033	Sulfobacillus
SRR11207337_metagenome_mock_dna_R1.fastq.kaiju.ktxt	0.000008	1	28065	Rhodoferax
SRR11207337_metagenome_mock_dna_R1.fastq.kaiju.ktxt	0.000008	1	28186	Acetohalobium
SRR11207337_metagenome_mock_dna_R1.fastq.kaiju.ktxt	0.000008	1	28209	Chelatococcus
SRR11207337_metagenome_mock_dna_R1.fastq.kaiju.ktxt	0.000008	1	28228	Colwellia
SRR11207337_metagenome_mock_dna_R1.fastq.kaiju.ktxt	0.000008	1	28263	Arcanobacterium
SRR11207337_metagenome_mock_dna_R1.fastq.kaiju.ktxt	0.000008	1	29393	Dolosigranulum
SRR11207337_metagenome_mock_dna_R1.fastq.kaiju.ktxt	0.000008	1	29404	Microlunatus
SRR11207337_metagenome_mock_dna_R1.fastq.kaiju.ktxt	0.000008	1	29574	Taylorella
SRR11207337_metagenome_mock_dna_R1.fastq.kaiju.ktxt	0.000008	1	29849	Gaeumannomyces
SRR11207337_metagenome_mock_dna_R1.fastq.kaiju.ktxt	0.000008	1	31983	Helcococcus
SRR11207337_metagenome_mock_dna_R1.fastq.kaiju.ktxt	0.000008	1	32067	Leptotrichia
SRR11207337_metagenome_mock_dna_R1.fastq.kaiju.ktxt	0.000008	1	32257	Kingella
SRR11207337_metagenome_mock_dna_R1.fastq.kaiju.ktxt	0.000008	1	33055	Candidatus Kinetoplastibacterium
SRR11207337_metagenome_mock_dna_R1.fastq.kaiju.ktxt	0.000008	1	33196	Botrytis
SRR11207337_metagenome_mock_dna_R1.fastq.kaiju.ktxt	0.000008	1	33870	Coriobacterium
SRR11207337_metagenome_mock_dna_R1.fastq.kaiju.ktxt	0.000008	1	34104	Streptobacillus
SRR11207337_metagenome_mock_dna_R1.fastq.kaiju.ktxt	0.000008	1	34111	Monoraphidium
SRR11207337_metagenome_mock_dna_R1.fastq.kaiju.ktxt	0.000008	1	34372	Blumeria
SRR11207337_metagenome_mock_dna_R1.fastq.kaiju.ktxt	0.000008	1	34487	Conidiobolus
SRR11207337_metagenome_mock_dna_R1.fastq.kaiju.ktxt	0.000008	1	35812	Roseococcus
SRR11207337_metagenome_mock_dna_R1.fastq.kaiju.ktxt	0.000008	1	36880	Cymbomonas
SRR11207337_metagenome_mock_dna_R1.fastq.kaiju.ktxt	0.000008	1	37914	Dietzia
SRR11207337_metagenome_mock_dna_R1.fastq.kaiju.ktxt	0.000008	1	38037	Rhynchosporium
SRR11207337_metagenome_mock_dna_R1.fastq.kaiju.ktxt	0.000008	1	40118	Candidatus Magnetobacterium
SRR11207337_metagenome_mock_dna_R1.fastq.kaiju.ktxt	0.000008	1	40354	Fonsecaea
SRR11207337_metagenome_mock_dna_R1.fastq.kaiju.ktxt	0.000008	1	40466	Sparassis
SRR11207337_metagenome_mock_dna_R1.fastq.kaiju.ktxt	0.000008	1	40544	Sutterella
SRR11207337_metagenome_mock_dna_R1.fastq.kaiju.ktxt	0.000008	1	40558	Botryotinia
SRR11207337_metagenome_mock_dna_R1.fastq.kaiju.ktxt	0.000008	1	41980	Metallosphaera
SRR11207337_metagenome_mock_dna_R1.fastq.kaiju.ktxt	0.000008	1	42054	Chromohalobacter
SRR11207337_metagenome_mock_dna_R1.fastq.kaiju.ktxt	0.000008	1	42308	Hypoxylon
SRR11207337_metagenome_mock_dna_R1.fastq.kaiju.ktxt	0.000008	1	43676	Promicromonospora
SRR11207337_metagenome_mock_dna_R1.fastq.kaiju.ktxt	0.000008	1	43987	Geotrichum
SRR11207337_metagenome_mock_dna_R1.fastq.kaiju.ktxt	0.000008	1	44011	Ferrimonas
SRR11207337_metagenome_mock_dna_R1.fastq.kaiju.ktxt	0.000008	1	44013	Polynucleobacter
SRR11207337_metagenome_mock_dna_R1.fastq.kaiju.ktxt	0.000008	1	44055	Aureococcus
SRR11207337_metagenome_mock_dna_R1.fastq.kaiju.ktxt	0.000008	1	44471	Microcoleus
SRR11207337_metagenome_mock_dna_R1.fastq.kaiju.ktxt	0.000008	1	45247	Leucothrix
SRR11207337_metagenome_mock_dna_R1.fastq.kaiju.ktxt	0.000008	1	48073	Microbulbifer
SRR11207337_metagenome_mock_dna_R1.fastq.kaiju.ktxt	0.000008	1	49222	Sphaceloma
SRR11207337_metagenome_mock_dna_R1.fastq.kaiju.ktxt	0.000008	1	51228	Wigglesworthia
SRR11207337_metagenome_mock_dna_R1.fastq.kaiju.ktxt	0.000008	1	52225	Mitsuokella
SRR11207337_metagenome_mock_dna_R1.fastq.kaiju.ktxt	0.000008	1	53634	Acidimicrobium
SRR11207337_metagenome_mock_dna_R1.fastq.kaiju.ktxt	0.000008	1	54066	Xylophilus
SRR11207337_metagenome_mock_dna_R1.fastq.kaiju.ktxt	0.000008	1	55170	Didymella
SRR11207337_metagenome_mock_dna_R1.fastq.kaiju.ktxt	0.000008	1	55528	Guillardia
SRR11207337_metagenome_mock_dna_R1.fastq.kaiju.ktxt	0.000008	1	56688	Halorubrum
SRR11207337_metagenome_mock_dna_R1.fastq.kaiju.ktxt	0.000008	1	57488	Thiorhodococcus
SRR11207337_metagenome_mock_dna_R1.fastq.kaiju.ktxt	0.000008	1	57499	Kytococcus
SRR11207337_metagenome_mock_dna_R1.fastq.kaiju.ktxt	0.000008	1	58050	Moritella
SRR11207337_metagenome_mock_dna_R1.fastq.kaiju.ktxt	0.000008	1	58108	Actinocorallia
SRR11207337_metagenome_mock_dna_R1.fastq.kaiju.ktxt	0.000008	1	59613	Skermania
SRR11207337_metagenome_mock_dna_R1.fastq.kaiju.ktxt	0.000008	1	60919	Sanguibacter
SRR11207337_metagenome_mock_dna_R1.fastq.kaiju.ktxt	0.000008	1	63259	Melanopsichium
SRR11207337_metagenome_mock_dna_R1.fastq.kaiju.ktxt	0.000008	1	65356	Albugo
SRR11207337_metagenome_mock_dna_R1.fastq.kaiju.ktxt	0.000008	1	66831	Facklamia
SRR11207337_metagenome_mock_dna_R1.fastq.kaiju.ktxt	0.000008	1	70110	Penicilliopsis
SRR11207337_metagenome_mock_dna_R1.fastq.kaiju.ktxt	0.000008	1	71944	Hypholoma
SRR11207337_metagenome_mock_dna_R1.fastq.kaiju.ktxt	0.000008	1	72173	Citromicrobium
SRR11207337_metagenome_mock_dna_R1.fastq.kaiju.ktxt	0.000008	1	74380	Undaria
SRR11207337_metagenome_mock_dna_R1.fastq.kaiju.ktxt	0.000008	1	75654	Duganella
SRR11207337_metagenome_mock_dna_R1.fastq.kaiju.ktxt	0.000008	1	76886	Caldivirga
SRR11207337_metagenome_mock_dna_R1.fastq.kaiju.ktxt	0.000008	1	76890	Asticcacaulis
SRR11207337_metagenome_mock_dna_R1.fastq.kaiju.ktxt	0.000008	1	78141	Oidiodendron
SRR11207337_metagenome_mock_dna_R1.fastq.kaiju.ktxt	0.000008	1	78914	Thamnocephalis
SRR11207337_metagenome_mock_dna_R1.fastq.kaiju.ktxt	0.000008	1	79206	Desulfosporosinus
SRR11207337_metagenome_mock_dna_R1.fastq.kaiju.ktxt	0.000008	1	80669	Strobilomyces
SRR11207337_metagenome_mock_dna_R1.fastq.kaiju.ktxt	0.000008	1	81416	Methanofollis
SRR11207337_metagenome_mock_dna_R1.fastq.kaiju.ktxt	0.000008	1	82800	Desemzia
SRR11207337_metagenome_mock_dna_R1.fastq.kaiju.ktxt	0.000008	1	83400	Roseospirillum
SRR11207337_metagenome_mock_dna_R1.fastq.kaiju.ktxt	0.000008	1	83614	Luteimonas
SRR11207337_metagenome_mock_dna_R1.fastq.kaiju.ktxt	0.000008	1	84162	Cryptobacterium
SRR11207337_metagenome_mock_dna_R1.fastq.kaiju.ktxt	0.000008	1	85265	Phaeospirillum
SRR11207337_metagenome_mock_dna_R1.fastq.kaiju.ktxt	0.000008	1	97971	Periconia
SRR11207337_metagenome_mock_dna_R1.fastq.kaiju.ktxt	0.000008	1	98402	Drechmeria
SRR11207337_metagenome_mock_dna_R1.fastq.kaiju.ktxt	0.000008	1	101126	Hesseltinella
SRR11207337_metagenome_mock_dna_R1.fastq.kaiju.ktxt	0.000008	1	104239	Pterula
SRR11207337_metagenome_mock_dna_R1.fastq.kaiju.ktxt	0.000008	1	106591	Ensifer
SRR11207337_metagenome_mock_dna_R1.fastq.kaiju.ktxt	0.000008	1	109262	Halothiobacillus
SRR11207337_metagenome_mock_dna_R1.fastq.kaiju.ktxt	0.000008	1	110934	Agreia
SRR11207337_metagenome_mock_dna_R1.fastq.kaiju.ktxt	0.000008	1	111830	Defluviicoccus
SRR11207337_metagenome_mock_dna_R1.fastq.kaiju.ktxt	0.000008	1	112497	Ramularia
SRR11207337_metagenome_mock_dna_R1.fastq.kaiju.ktxt	0.000008	1	112902	Propionispora
SRR11207337_metagenome_mock_dna_R1.fastq.kaiju.ktxt	0.000008	1	113286	Pseudoramibacter
SRR11207337_metagenome_mock_dna_R1.fastq.kaiju.ktxt	0.000008	1	114248	Tepidimonas
SRR11207337_metagenome_mock_dna_R1.fastq.kaiju.ktxt	0.000008	1	119044	Filomicrobium
SRR11207337_metagenome_mock_dna_R1.fastq.kaiju.ktxt	0.000008	1	120212	Subtercola
SRR11207337_metagenome_mock_dna_R1.fastq.kaiju.ktxt	0.000008	1	120831	Dyadobacter
SRR11207337_metagenome_mock_dna_R1.fastq.kaiju.ktxt	0.000008	1	129957	Carboxydothermus
SRR11207337_metagenome_mock_dna_R1.fastq.kaiju.ktxt	0.000008	1	131324	Pseudocercospora
SRR11207337_metagenome_mock_dna_R1.fastq.kaiju.ktxt	0.000008	1	133925	Olsenella
SRR11207337_metagenome_mock_dna_R1.fastq.kaiju.ktxt	0.000008	1	136099	Knoellia
SRR11207337_metagenome_mock_dna_R1.fastq.kaiju.ktxt	0.000008	1	139105	Cylindrobasidium
SRR11207337_metagenome_mock_dna_R1.fastq.kaiju.ktxt	0.000008	1	139111	Dendrothele
SRR11207337_metagenome_mock_dna_R1.fastq.kaiju.ktxt	0.000008	1	140106	Neonectria
SRR11207337_metagenome_mock_dna_R1.fastq.kaiju.ktxt	0.000008	1	141948	Thermomonas
SRR11207337_metagenome_mock_dna_R1.fastq.kaiju.ktxt	0.000008	1	145474	Helicosporidium
SRR11207337_metagenome_mock_dna_R1.fastq.kaiju.ktxt	0.000008	1	146784	Bacteriovorax
SRR11207337_metagenome_mock_dna_R1.fastq.kaiju.ktxt	0.000008	1	147496	Bimuria
SRR11207337_metagenome_mock_dna_R1.fastq.kaiju.ktxt	0.000008	1	150022	Finegoldia
SRR11207337_metagenome_mock_dna_R1.fastq.kaiju.ktxt	0.000008	1	158846	Megamonas
SRR11207337_metagenome_mock_dna_R1.fastq.kaiju.ktxt	0.000008	1	166974	Lechevalieria
SRR11207337_metagenome_mock_dna_R1.fastq.kaiju.ktxt	0.000008	1	168808	Sneathia
SRR11207337_metagenome_mock_dna_R1.fastq.kaiju.ktxt	0.000008	1	168934	Thalassospira
SRR11207337_metagenome_mock_dna_R1.fastq.kaiju.ktxt	0.000008	1	172190	Coniella
SRR11207337_metagenome_mock_dna_R1.fastq.kaiju.ktxt	0.000008	1	180162	Cetobacterium
SRR11207337_metagenome_mock_dna_R1.fastq.kaiju.ktxt	0.000008	1	182269	Aurantimonas
SRR11207337_metagenome_mock_dna_R1.fastq.kaiju.ktxt	0.000008	1	184430	Coprinellus
SRR11207337_metagenome_mock_dna_R1.fastq.kaiju.ktxt	0.000008	1	186650	Microvirga
SRR11207337_metagenome_mock_dna_R1.fastq.kaiju.ktxt	0.000008	1	188905	Jannaschia
SRR11207337_metagenome_mock_dna_R1.fastq.kaiju.ktxt	0.000008	1	188907	Oleispira
SRR11207337_metagenome_mock_dna_R1.fastq.kaiju.ktxt	0.000008	1	189330	Dorea
SRR11207337_metagenome_mock_dna_R1.fastq.kaiju.ktxt	0.000008	1	191392	Auxenochlorella
SRR11207337_metagenome_mock_dna_R1.fastq.kaiju.ktxt	0.000008	1	192987	Allofustis
SRR11207337_metagenome_mock_dna_R1.fastq.kaiju.ktxt	0.000008	1	195950	Tannerella
SRR11207337_metagenome_mock_dna_R1.fastq.kaiju.ktxt	0.000008	1	195964	Asanoa
SRR11207337_metagenome_mock_dna_R1.fastq.kaiju.ktxt	0.000008	1	196079	Oceanobacter
SRR11207337_metagenome_mock_dna_R1.fastq.kaiju.ktxt	0.000008	1	198251	Candidatus Pelagibacter
SRR11207337_metagenome_mock_dna_R1.fastq.kaiju.ktxt	0.000008	1	198705	Lampropedia
SRR11207337_metagenome_mock_dna_R1.fastq.kaiju.ktxt	0.000008	1	203470	Tepidiphilus
SRR11207337_metagenome_mock_dna_R1.fastq.kaiju.ktxt	0.000008	1	203697	Derxia
SRR11207337_metagenome_mock_dna_R1.fastq.kaiju.ktxt	0.000008	1	203804	Candidatus Blochmannia
SRR11207337_metagenome_mock_dna_R1.fastq.kaiju.ktxt	0.000008	1	204475	Gemmiger
SRR11207337_metagenome_mock_dna_R1.fastq.kaiju.ktxt	0.000008	1	204476	Labrys
SRR11207337_metagenome_mock_dna_R1.fastq.kaiju.ktxt	0.000008	1	205395	Capsosiphon
SRR11207337_metagenome_mock_dna_R1.fastq.kaiju.ktxt	0.000008	1	207599	Solirubrobacter
SRR11207337_metagenome_mock_dna_R1.fastq.kaiju.ktxt	0.000008	1	210567	Cadophora
SRR11207337_metagenome_mock_dna_R1.fastq.kaiju.ktxt	0.000008	1	212743	Rhizobacter
SRR11207337_metagenome_mock_dna_R1.fastq.kaiju.ktxt	0.000008	1	222439	Streblomastix
SRR11207337_metagenome_mock_dna_R1.fastq.kaiju.ktxt	0.000008	1	224458	Pyxidicoccus
SRR11207337_metagenome_mock_dna_R1.fastq.kaiju.ktxt	0.000008	1	225143	Oceanisphaera
SRR11207337_metagenome_mock_dna_R1.fastq.kaiju.ktxt	0.000008	1	238749	Diaphorobacter
SRR11207337_metagenome_mock_dna_R1.fastq.kaiju.ktxt	0.000008	1	240233	Aeriscardovia
SRR11207337_metagenome_mock_dna_R1.fastq.kaiju.ktxt	0.000008	1	240411	Chitinimonas
SRR11207337_metagenome_mock_dna_R1.fastq.kaiju.ktxt	0.000008	1	243023	Pochonia
SRR11207337_metagenome_mock_dna_R1.fastq.kaiju.ktxt	0.000008	1	244127	Anaerotruncus
SRR11207337_metagenome_mock_dna_R1.fastq.kaiju.ktxt	0.000008	1	252356	Maribacter
SRR11207337_metagenome_mock_dna_R1.fastq.kaiju.ktxt	0.000008	1	261933	Pleomorphomonas
SRR11207337_metagenome_mock_dna_R1.fastq.kaiju.ktxt	0.000008	1	263377	Salipiger
SRR11207337_metagenome_mock_dna_R1.fastq.kaiju.ktxt	0.000008	1	269258	Nitratiruptor
SRR11207337_metagenome_mock_dna_R1.fastq.kaiju.ktxt	0.000008	1	269773	Atopococcus
SRR11207337_metagenome_mock_dna_R1.fastq.kaiju.ktxt	0.000008	1	274591	Hoeflea
SRR11207337_metagenome_mock_dna_R1.fastq.kaiju.ktxt	0.000008	1	285105	Tepidimicrobium
SRR11207337_metagenome_mock_dna_R1.fastq.kaiju.ktxt	0.000008	1	288793	Salinimonas
SRR11207337_metagenome_mock_dna_R1.fastq.kaiju.ktxt	0.000008	1	290174	Aquimarina
SRR11207337_metagenome_mock_dna_R1.fastq.kaiju.ktxt	0.000008	1	292486	Avibacterium
SRR11207337_metagenome_mock_dna_R1.fastq.kaiju.ktxt	0.000008	1	292632	Subdoligranulum
SRR11207337_metagenome_mock_dna_R1.fastq.kaiju.ktxt	0.000008	1	292637	Seinonella
SRR11207337_metagenome_mock_dna_R1.fastq.kaiju.ktxt	0.000008	1	296014	Algicola
SRR11207337_metagenome_mock_dna_R1.fastq.kaiju.ktxt	0.000008	1	299330	Lobosporangium
SRR11207337_metagenome_mock_dna_R1.fastq.kaiju.ktxt	0.000008	1	303379	Herminiimonas
SRR11207337_metagenome_mock_dna_R1.fastq.kaiju.ktxt	0.000008	1	314122	Dactylellina
SRR11207337_metagenome_mock_dna_R1.fastq.kaiju.ktxt	0.000008	1	317661	Quadrisphaera
SRR11207337_metagenome_mock_dna_R1.fastq.kaiju.ktxt	0.000008	1	323620	Shinella
SRR11207337_metagenome_mock_dna_R1.fastq.kaiju.ktxt	0.000008	1	324777	Marssonina
SRR11207337_metagenome_mock_dna_R1.fastq.kaiju.ktxt	0.000008	1	331971	Thalassobacillus
SRR11207337_metagenome_mock_dna_R1.fastq.kaiju.ktxt	0.000008	1	332518	Halospina
SRR11207337_metagenome_mock_dna_R1.fastq.kaiju.ktxt	0.000008	1	336277	Roseicyclus
SRR11207337_metagenome_mock_dna_R1.fastq.kaiju.ktxt	0.000008	1	336803	Thorsellia
SRR11207337_metagenome_mock_dna_R1.fastq.kaiju.ktxt	0.000008	1	342943	Sinobaca
SRR11207337_metagenome_mock_dna_R1.fastq.kaiju.ktxt	0.000008	1	352450	Simplicispira
SRR11207337_metagenome_mock_dna_R1.fastq.kaiju.ktxt	0.000008	1	359407	Methylotenera
SRR11207337_metagenome_mock_dna_R1.fastq.kaiju.ktxt	0.000008	1	360145	Grosmannia
SRR11207337_metagenome_mock_dna_R1.fastq.kaiju.ktxt	0.000008	1	361607	Patulibacter
SRR11207337_metagenome_mock_dna_R1.fastq.kaiju.ktxt	0.000008	1	364316	Verminephrobacter
SRR11207337_metagenome_mock_dna_R1.fastq.kaiju.ktxt	0.000008	1	375288	Parabacteroides
SRR11207337_metagenome_mock_dna_R1.fastq.kaiju.ktxt	0.000008	1	376170	Haloplanus
SRR11207337_metagenome_mock_dna_R1.fastq.kaiju.ktxt	0.000008	1	376488	Halotalea
SRR11207337_metagenome_mock_dna_R1.fastq.kaiju.ktxt	0.000008	1	378210	Methyloversatilis
SRR11207337_metagenome_mock_dna_R1.fastq.kaiju.ktxt	0.000008	1	392332	Geoalkalibacter
SRR11207337_metagenome_mock_dna_R1.fastq.kaiju.ktxt	0.000008	1	394505	Salirhabdus
SRR11207337_metagenome_mock_dna_R1.fastq.kaiju.ktxt	0.000008	1	395590	Zasmidium
SRR11207337_metagenome_mock_dna_R1.fastq.kaiju.ktxt	0.000008	1	396811	Fulvivirga
SRR11207337_metagenome_mock_dna_R1.fastq.kaiju.ktxt	0.000008	1	397456	Gulbenkiania
SRR11207337_metagenome_mock_dna_R1.fastq.kaiju.ktxt	0.000008	1	398041	Flavisolibacter
SRR11207337_metagenome_mock_dna_R1.fastq.kaiju.ktxt	0.000008	1	399320	Sphaerochaeta
SRR11207337_metagenome_mock_dna_R1.fastq.kaiju.ktxt	0.000008	1	401618	Candidatus Riesia
SRR11207337_metagenome_mock_dna_R1.fastq.kaiju.ktxt	0.000008	1	402649	Actinomycetospora
SRR11207337_metagenome_mock_dna_R1.fastq.kaiju.ktxt	0.000008	1	404235	Maritimibacter
SRR11207337_metagenome_mock_dna_R1.fastq.kaiju.ktxt	0.000008	1	407217	Aquitalea
SRR11207337_metagenome_mock_dna_R1.fastq.kaiju.ktxt	0.000008	1	414371	Aureimonas
SRR11207337_metagenome_mock_dna_R1.fastq.kaiju.ktxt	0.000008	1	414878	Catenulispora
SRR11207337_metagenome_mock_dna_R1.fastq.kaiju.ktxt	0.000008	1	420644	Piscibacillus
SRR11207337_metagenome_mock_dna_R1.fastq.kaiju.ktxt	0.000008	1	444459	Flagellimonas
SRR11207337_metagenome_mock_dna_R1.fastq.kaiju.ktxt	0.000008	1	446948	Diplocarpon
SRR11207337_metagenome_mock_dna_R1.fastq.kaiju.ktxt	0.000008	1	459520	Neptuniibacter
SRR11207337_metagenome_mock_dna_R1.fastq.kaiju.ktxt	0.000008	1	459786	Oscillibacter
SRR11207337_metagenome_mock_dna_R1.fastq.kaiju.ktxt	0.000008	1	460073	Segetibacter
SRR11207337_metagenome_mock_dna_R1.fastq.kaiju.ktxt	0.000008	1	470095	Pseudovirgaria
SRR11207337_metagenome_mock_dna_R1.fastq.kaiju.ktxt	0.000008	1	471798	Shimazuella
SRR11207337_metagenome_mock_dna_R1.fastq.kaiju.ktxt	0.000008	1	471826	Candidatus Desulforudis
SRR11207337_metagenome_mock_dna_R1.fastq.kaiju.ktxt	0.000008	1	476528	Bibersteinia
SRR11207337_metagenome_mock_dna_R1.fastq.kaiju.ktxt	0.000008	1	482460	Sediminibacillus
SRR11207337_metagenome_mock_dna_R1.fastq.kaiju.ktxt	0.000008	1	484508	Ornithinibacillus
SRR11207337_metagenome_mock_dna_R1.fastq.kaiju.ktxt	0.000008	1	488937	Desulfonatronospira
SRR11207337_metagenome_mock_dna_R1.fastq.kaiju.ktxt	0.000008	1	489909	Nosocomiicoccus
SRR11207337_metagenome_mock_dna_R1.fastq.kaiju.ktxt	0.000008	1	499551	Methanolinea
SRR11207337_metagenome_mock_dna_R1.fastq.kaiju.ktxt	0.000008	1	504090	Kushneria
SRR11207337_metagenome_mock_dna_R1.fastq.kaiju.ktxt	0.000008	1	511678	Aliivibrio
SRR11207337_metagenome_mock_dna_R1.fastq.kaiju.ktxt	0.000008	1	515417	Amphritea
SRR11207337_metagenome_mock_dna_R1.fastq.kaiju.ktxt	0.000008	1	556257	Pseudolabrys
SRR11207337_metagenome_mock_dna_R1.fastq.kaiju.ktxt	0.000008	1	561108	Jaminaea
SRR11207337_metagenome_mock_dna_R1.fastq.kaiju.ktxt	0.000008	1	568394	Pseudogulbenkiania
SRR11207337_metagenome_mock_dna_R1.fastq.kaiju.ktxt	0.000008	1	576341	Halovibrio
SRR11207337_metagenome_mock_dna_R1.fastq.kaiju.ktxt	0.000008	1	580596	Butyricicoccus
SRR11207337_metagenome_mock_dna_R1.fastq.kaiju.ktxt	0.000008	1	588605	Robinsoniella
SRR11207337_metagenome_mock_dna_R1.fastq.kaiju.ktxt	0.000008	1	596499	Nitriliruptor
SRR11207337_metagenome_mock_dna_R1.fastq.kaiju.ktxt	0.000008	1	599651	Bermanella
SRR11207337_metagenome_mock_dna_R1.fastq.kaiju.ktxt	0.000008	1	626119	Ruania
SRR11207337_metagenome_mock_dna_R1.fastq.kaiju.ktxt	0.000008	1	644355	Inhella
SRR11207337_metagenome_mock_dna_R1.fastq.kaiju.ktxt	0.000008	1	649460	Filimonas
SRR11207337_metagenome_mock_dna_R1.fastq.kaiju.ktxt	0.000008	1	656899	Schlesneria
SRR11207337_metagenome_mock_dna_R1.fastq.kaiju.ktxt	0.000008	1	663242	Albimonas
SRR11207337_metagenome_mock_dna_R1.fastq.kaiju.ktxt	0.000008	1	674963	Succinatimonas
SRR11207337_metagenome_mock_dna_R1.fastq.kaiju.ktxt	0.000008	1	688353	Lichtheimia
SRR11207337_metagenome_mock_dna_R1.fastq.kaiju.ktxt	0.000008	1	690884	Lophiotrema
SRR11207337_metagenome_mock_dna_R1.fastq.kaiju.ktxt	0.000008	1	697279	Bavariicoccus
SRR11207337_metagenome_mock_dna_R1.fastq.kaiju.ktxt	0.000008	1	745410	Gallaecimonas
SRR11207337_metagenome_mock_dna_R1.fastq.kaiju.ktxt	0.000008	1	763439	Caenimonas
SRR11207337_metagenome_mock_dna_R1.fastq.kaiju.ktxt	0.000008	1	767891	Candidatus Puniceispirillum
SRR11207337_metagenome_mock_dna_R1.fastq.kaiju.ktxt	0.000008	1	857334	Candidatus Dactylopiibacterium
SRR11207337_metagenome_mock_dna_R1.fastq.kaiju.ktxt	0.000008	1	862775	Candidatus Kleidoceria
SRR11207337_metagenome_mock_dna_R1.fastq.kaiju.ktxt	0.000008	1	877559	Thecamonas
SRR11207337_metagenome_mock_dna_R1.fastq.kaiju.ktxt	0.000008	1	886360	Rudaea
SRR11207337_metagenome_mock_dna_R1.fastq.kaiju.ktxt	0.000008	1	996924	Mastigocoleus
SRR11207337_metagenome_mock_dna_R1.fastq.kaiju.ktxt	0.000008	1	998014	Cocleimonas
SRR11207337_metagenome_mock_dna_R1.fastq.kaiju.ktxt	0.000008	1	1068904	Primorskyibacter
SRR11207337_metagenome_mock_dna_R1.fastq.kaiju.ktxt	0.000008	1	1074468	Candidimonas
SRR11207337_metagenome_mock_dna_R1.fastq.kaiju.ktxt	0.000008	1	1085622	Propioniciclava
SRR11207337_metagenome_mock_dna_R1.fastq.kaiju.ktxt	0.000008	1	1091044	Elstera
SRR11207337_metagenome_mock_dna_R1.fastq.kaiju.ktxt	0.000008	1	1121829	Fodinicurvata
SRR11207337_metagenome_mock_dna_R1.fastq.kaiju.ktxt	0.000008	1	1129704	Kyrpidia
SRR11207337_metagenome_mock_dna_R1.fastq.kaiju.ktxt	0.000008	1	1132856	Rasamsonia
SRR11207337_metagenome_mock_dna_R1.fastq.kaiju.ktxt	0.000008	1	1156392	Pseudokineococcus
SRR11207337_metagenome_mock_dna_R1.fastq.kaiju.ktxt	0.000008	1	1172191	Catenovulum
SRR11207337_metagenome_mock_dna_R1.fastq.kaiju.ktxt	0.000008	1	1182780	Magnetospira
SRR11207337_metagenome_mock_dna_R1.fastq.kaiju.ktxt	0.000008	1	1217415	Lysinimicrobium
SRR11207337_metagenome_mock_dna_R1.fastq.kaiju.ktxt	0.000008	1	1234605	Gayadomonas
SRR11207337_metagenome_mock_dna_R1.fastq.kaiju.ktxt	0.000008	1	1236988	Geofilum
SRR11207337_metagenome_mock_dna_R1.fastq.kaiju.ktxt	0.000008	1	1254401	Sunxiuqinia
SRR11207337_metagenome_mock_dna_R1.fastq.kaiju.ktxt	0.000008	1	1326739	Calderihabitans
SRR11207337_metagenome_mock_dna_R1.fastq.kaiju.ktxt	0.000008	1	1331051	Candidatus Saccharimonas
SRR11207337_metagenome_mock_dna_R1.fastq.kaiju.ktxt	0.000008	1	1335631	Frischella
SRR11207337_metagenome_mock_dna_R1.fastq.kaiju.ktxt	0.000008	1	1427172	Aminivibrio
SRR11207337_metagenome_mock_dna_R1.fastq.kaiju.ktxt	0.000008	1	1433300	Alteribacillus
SRR11207337_metagenome_mock_dna_R1.fastq.kaiju.ktxt	0.000008	1	1433992	Chitinivorax
SRR11207337_metagenome_mock_dna_R1.fastq.kaiju.ktxt	0.000008	1	1434001	Extensimonas
SRR11207337_metagenome_mock_dna_R1.fastq.kaiju.ktxt	0.000008	1	1434011	Komagataeibacter
SRR11207337_metagenome_mock_dna_R1.fastq.kaiju.ktxt	0.000008	1	1434037	Rubrivirga
SRR11207337_metagenome_mock_dna_R1.fastq.kaiju.ktxt	0.000008	1	1434043	Saliterribacillus
SRR11207337_metagenome_mock_dna_R1.fastq.kaiju.ktxt	0.000008	1	1434046	Sphingorhabdus
SRR11207337_metagenome_mock_dna_R1.fastq.kaiju.ktxt	0.000008	1	1434702	Taibaiella
SRR11207337_metagenome_mock_dna_R1.fastq.kaiju.ktxt	0.000008	1	1443919	Tabrizicola
SRR11207337_metagenome_mock_dna_R1.fastq.kaiju.ktxt	0.000008	1	1458243	Pseudomaricurvus
SRR11207337_metagenome_mock_dna_R1.fastq.kaiju.ktxt	0.000008	1	1472292	Magnetofaba
SRR11207337_metagenome_mock_dna_R1.fastq.kaiju.ktxt	0.000008	1	1472762	Enorma
SRR11207337_metagenome_mock_dna_R1.fastq.kaiju.ktxt	0.000008	1	1485663	Candidatus Aschnera
SRR11207337_metagenome_mock_dna_R1.fastq.kaiju.ktxt	0.000008	1	1494427	Tepidibacillus
SRR11207337_metagenome_mock_dna_R1.fastq.kaiju.ktxt	0.000008	1	1494958	Pseudogracilibacillus
SRR11207337_metagenome_mock_dna_R1.fastq.kaiju.ktxt	0.000008	1	1500514	Thermolongibacillus
SRR11207337_metagenome_mock_dna_R1.fastq.kaiju.ktxt	0.000008	1	1500560	Tilletiopsis
SRR11207337_metagenome_mock_dna_R1.fastq.kaiju.ktxt	0.000008	1	1502725	Effusibacillus
SRR11207337_metagenome_mock_dna_R1.fastq.kaiju.ktxt	0.000008	1	1502941	Pleionea
SRR11207337_metagenome_mock_dna_R1.fastq.kaiju.ktxt	0.000008	1	1504669	Rhizodiscina
SRR11207337_metagenome_mock_dna_R1.fastq.kaiju.ktxt	0.000008	1	1506577	Tyzzerella
SRR11207337_metagenome_mock_dna_R1.fastq.kaiju.ktxt	0.000008	1	1508537	Kallotenue
SRR11207337_metagenome_mock_dna_R1.fastq.kaiju.ktxt	0.000008	1	1511694	Thioalbus
SRR11207337_metagenome_mock_dna_R1.fastq.kaiju.ktxt	0.000008	1	1543704	Niveispirillum
SRR11207337_metagenome_mock_dna_R1.fastq.kaiju.ktxt	0.000008	1	1579505	Rubripirellula
SRR11207337_metagenome_mock_dna_R1.fastq.kaiju.ktxt	0.000008	1	1594166	Oricola
SRR11207337_metagenome_mock_dna_R1.fastq.kaiju.ktxt	0.000008	1	1621534	Paraglaciecola
SRR11207337_metagenome_mock_dna_R1.fastq.kaiju.ktxt	0.000008	1	1632780	Phreatobacter
SRR11207337_metagenome_mock_dna_R1.fastq.kaiju.ktxt	0.000008	1	1635148	Sanguibacteroides
SRR11207337_metagenome_mock_dna_R1.fastq.kaiju.ktxt	0.000008	1	1649279	Epibacterium
SRR11207337_metagenome_mock_dna_R1.fastq.kaiju.ktxt	0.000008	1	1649466	Marinicauda
SRR11207337_metagenome_mock_dna_R1.fastq.kaiju.ktxt	0.000008	1	1649476	Parafilimonas
SRR11207337_metagenome_mock_dna_R1.fastq.kaiju.ktxt	0.000008	1	1649482	Pseudopedobacter
SRR11207337_metagenome_mock_dna_R1.fastq.kaiju.ktxt	0.000008	1	1649512	Vulcaniibacterium
SRR11207337_metagenome_mock_dna_R1.fastq.kaiju.ktxt	0.000008	1	1676142	Wenzhouxiangella
SRR11207337_metagenome_mock_dna_R1.fastq.kaiju.ktxt	0.000008	1	1699619	Candidatus Westeberhardia
SRR11207337_metagenome_mock_dna_R1.fastq.kaiju.ktxt	0.000008	1	1734920	Pseudorhodoplanes
SRR11207337_metagenome_mock_dna_R1.fastq.kaiju.ktxt	0.000008	1	1749039	Violaceomyces
SRR11207337_metagenome_mock_dna_R1.fastq.kaiju.ktxt	0.000008	1	1751296	Sinirhodobacter
SRR11207337_metagenome_mock_dna_R1.fastq.kaiju.ktxt	0.000008	1	1755683	Candidatus Berkiella
SRR11207337_metagenome_mock_dna_R1.fastq.kaiju.ktxt	0.000008	1	1758230	Corticibacter
SRR11207337_metagenome_mock_dna_R1.fastq.kaiju.ktxt	0.000008	1	1763508	Lachnotalea
SRR11207337_metagenome_mock_dna_R1.fastq.kaiju.ktxt	0.000008	1	1769729	Hathewaya
SRR11207337_metagenome_mock_dna_R1.fastq.kaiju.ktxt	0.000008	1	1783488	Phytoactinopolyspora
SRR11207337_metagenome_mock_dna_R1.fastq.kaiju.ktxt	0.000008	1	1795633	Terrilactibacillus
SRR11207337_metagenome_mock_dna_R1.fastq.kaiju.ktxt	0.000008	1	1795789	Candidatus Syntrophonatronum
SRR11207337_metagenome_mock_dna_R1.fastq.kaiju.ktxt	0.000008	1	1804663	Haematospirillum
SRR11207337_metagenome_mock_dna_R1.fastq.kaiju.ktxt	0.000008	1	1808977	Candidatus Methylospira
SRR11207337_metagenome_mock_dna_R1.fastq.kaiju.ktxt	0.000008	1	1857932	Parahaliea
SRR11207337_metagenome_mock_dna_R1.fastq.kaiju.ktxt	0.000008	1	1861843	Terasakiispira
SRR11207337_metagenome_mock_dna_R1.fastq.kaiju.ktxt	0.000008	1	1882917	Pajaroellobacter
SRR11207337_metagenome_mock_dna_R1.fastq.kaiju.ktxt	0.000008	1	1884449	Salipaludibacillus
SRR11207337_metagenome_mock_dna_R1.fastq.kaiju.ktxt	0.000008	1	1884930	Maledivibacter
SRR11207337_metagenome_mock_dna_R1.fastq.kaiju.ktxt	0.000008	1	1897649	Pistricoccus
SRR11207337_metagenome_mock_dna_R1.fastq.kaiju.ktxt	0.000008	1	1902578	Candidatus Tokpelaia
SRR11207337_metagenome_mock_dna_R1.fastq.kaiju.ktxt	0.000008	1	1912503	Candidatus Izimaplasma
SRR11207337_metagenome_mock_dna_R1.fastq.kaiju.ktxt	0.000008	1	1913444	Candidatus Thiodiazotropha
SRR11207337_metagenome_mock_dna_R1.fastq.kaiju.ktxt	0.000008	1	1914234	Fimbriiglobus
SRR11207337_metagenome_mock_dna_R1.fastq.kaiju.ktxt	0.000008	1	1921582	Orrella
SRR11207337_metagenome_mock_dna_R1.fastq.kaiju.ktxt	0.000008	1	1923871	Massilibacterium
SRR11207337_metagenome_mock_dna_R1.fastq.kaiju.ktxt	0.000008	1	1929135	Halofilum
SRR11207337_metagenome_mock_dna_R1.fastq.kaiju.ktxt	0.000008	1	1930791	Aureibacillus
SRR11207337_metagenome_mock_dna_R1.fastq.kaiju.ktxt	0.000008	1	1933048	Neofamilia
SRR11207337_metagenome_mock_dna_R1.fastq.kaiju.ktxt	0.000008	1	1935206	Rubeoparvulum
SRR11207337_metagenome_mock_dna_R1.fastq.kaiju.ktxt	0.000008	1	1937999	Hugenholtzia
SRR11207337_metagenome_mock_dna_R1.fastq.kaiju.ktxt	0.000008	1	1940395	Caenibacillus
SRR11207337_metagenome_mock_dna_R1.fastq.kaiju.ktxt	0.000008	1	1940406	Candidatus Moduliflexus
SRR11207337_metagenome_mock_dna_R1.fastq.kaiju.ktxt	0.000008	1	1961799	Lacunisphaera
SRR11207337_metagenome_mock_dna_R1.fastq.kaiju.ktxt	0.000008	1	1968878	Siccationidurans
SRR11207337_metagenome_mock_dna_R1.fastq.kaiju.ktxt	0.000008	1	2031119	Jiulongibacter
SRR11207337_metagenome_mock_dna_R1.fastq.kaiju.ktxt	0.000008	1	2034504	Sulfurivermis
SRR11207337_metagenome_mock_dna_R1.fastq.kaiju.ktxt	0.000008	1	2036021	Agarilytica
SRR11207337_metagenome_mock_dna_R1.fastq.kaiju.ktxt	0.000008	1	2038280	Robbsia
SRR11207337_metagenome_mock_dna_R1.fastq.kaiju.ktxt	0.000008	1	2058187	Cavenderia
SRR11207337_metagenome_mock_dna_R1.fastq.kaiju.ktxt	0.000008	1	2093225	Candidatus Sulfobium
SRR11207337_metagenome_mock_dna_R1.fastq.kaiju.ktxt	0.000008	1	2109346	Parvibium
SRR11207337_metagenome_mock_dna_R1.fastq.kaiju.ktxt	0.000008	1	2126330	Candidatus Kentron
SRR11207337_metagenome_mock_dna_R1.fastq.kaiju.ktxt	0.000008	1	2136118	Candidatus Sulfopaludibacter
SRR11207337_metagenome_mock_dna_R1.fastq.kaiju.ktxt	0.000008	1	2163168	Kineothrix
SRR11207337_metagenome_mock_dna_R1.fastq.kaiju.ktxt	0.000008	1	2202177	Candidatus Methyloumidiphilus
SRR11207337_metagenome_mock_dna_R1.fastq.kaiju.ktxt	0.000008	1	2212731	Thiofilum
SRR11207337_metagenome_mock_dna_R1.fastq.kaiju.ktxt	0.000008	1	2249306	Solimicrobium
SRR11207337_metagenome_mock_dna_R1.fastq.kaiju.ktxt	0.000008	1	2282756	Pueribacillus
SRR11207337_metagenome_mock_dna_R1.fastq.kaiju.ktxt	0.000008	1	2321111	Aliiarcobacter
SRR11207337_metagenome_mock_dna_R1.fastq.kaiju.ktxt	0.000008	1	2494209	Capsulimonas
SRR11207337_metagenome_mock_dna_R1.fastq.kaiju.ktxt	0.000008	1	2562805	Natronospirillum
SRR11207337_metagenome_mock_dna_R1.fastq.kaiju.ktxt	0.000008	1	2651279	Pradoshia
SRR11207337_metagenome_mock_dna_R1.fastq.kaiju.ktxt	0.000008	1	2651583	'Geomonas' Xu et al. 2019
SRR11207337_metagenome_mock_dna_R1.fastq.kaiju.ktxt	0.000008	1	2662752	Kalamiella
SRR11207337_metagenome_mock_dna_R1.fastq.kaiju.ktxt	0.000008	1	2666130	Candidatus Methanofastidiosum
SRR11207337_metagenome_mock_dna_R1.fastq.kaiju.ktxt	0.000008	1	2678529	Kineobactrum
SRR11207337_metagenome_mock_dna_R1.fastq.kaiju.ktxt	0.000008	1	2683336	Abyssisolibacter
SRR11207337_metagenome_mock_dna_R1.fastq.kaiju.ktxt	0.000008	1	2703874	'Geomonas' Khan et al. 2020
SRR11207337_metagenome_mock_dna_R1.fastq.kaiju.ktxt	0.000008	1	2707768	Calorimonas
SRR11207337_metagenome_mock_dna_R1.fastq.kaiju.ktxt	0.000008	1	2712271	Xylanivirga
SRR11207337_metagenome_mock_dna_R1.fastq.kaiju.ktxt	0.000008	1	2717339	Rhabdaerophilum
SRR11207337_metagenome_mock_dna_R1.fastq.kaiju.ktxt	0.000008	1	2718863	Pararobbsia
SRR11207337_metagenome_mock_dna_R1.fastq.kaiju.ktxt	0.000008	1	2726810	Scandinavium
SRR11207337_metagenome_mock_dna_R1.fastq.kaiju.ktxt	0.011119	1393	10239	Viruses
SRR11207337_metagenome_mock_dna_R1.fastq.kaiju.ktxt	51.694782	6476135	NA	cannot be assigned to a (non-viral) genus
SRR11207337_metagenome_mock_dna_R1.fastq.kaiju.ktxt	3.518556	440792	NA	unclassified
